,Departamento,Year,DOW,Accidentes,Habitantes,AccidentesNormalizado
0,Antioquia,2014,7,1,6677930.0,0.1497470024393787
1,Antioquia,2015,3,1,6677930.0,0.1497470024393787
552,Norte de Santander,2015,3,1,1620318.0,0.6171628038446774
2,Antioquia,2016,1,12,6677930.0,1.796964029272544
3,Antioquia,2016,2,10,6677930.0,1.4974700243937866
4,Antioquia,2016,3,15,6677930.0,2.24620503659068
5,Antioquia,2016,4,18,6677930.0,2.6954460439088157
6,Antioquia,2016,5,12,6677930.0,1.796964029272544
7,Antioquia,2016,6,14,6677930.0,2.0964580341513015
8,Antioquia,2016,7,11,6677930.0,1.6472170268331654
74,Boyacá,2016,1,1,1242731.0,0.8046793714810365
75,Boyacá,2016,2,1,1242731.0,0.8046793714810365
76,Boyacá,2016,3,2,1242731.0,1.609358742962073
77,Boyacá,2016,4,1,1242731.0,0.8046793714810365
78,Boyacá,2016,5,1,1242731.0,0.8046793714810365
79,Boyacá,2016,6,1,1242731.0,0.8046793714810365
80,Boyacá,2016,7,2,1242731.0,1.609358742962073
186,Casanare,2016,1,2,435195.0,4.595641034478796
187,Casanare,2016,4,3,435195.0,6.893461551718195
188,Casanare,2016,6,6,435195.0,13.78692310343639
189,Casanare,2016,7,2,435195.0,4.595641034478796
225,Cauca,2016,1,1,1491937.0,0.6702695891314445
226,Cauca,2016,2,1,1491937.0,0.6702695891314445
227,Cauca,2016,3,3,1491937.0,2.010808767394334
228,Cauca,2016,4,3,1491937.0,2.010808767394334
229,Cauca,2016,5,4,1491937.0,2.681078356525778
230,Cauca,2016,6,6,1491937.0,4.021617534788668
231,Cauca,2016,7,3,1491937.0,2.010808767394334
322,Cundinamarca,2016,1,2,3242999.0,0.6167131103031485
323,Cundinamarca,2016,2,3,3242999.0,0.9250696654547227
324,Cundinamarca,2016,3,5,3242999.0,1.541782775757871
325,Cundinamarca,2016,5,4,3242999.0,1.233426220606297
326,Cundinamarca,2016,6,9,3242999.0,2.775208996364168
327,Cundinamarca,2016,7,1,3242999.0,0.30835655515157423
363,Córdoba,2016,1,1,1828947.0,0.5467627000673065
364,Córdoba,2016,2,1,1828947.0,0.5467627000673065
365,Córdoba,2016,3,1,1828947.0,0.5467627000673065
366,Córdoba,2016,6,2,1828947.0,1.093525400134613
367,Córdoba,2016,7,1,1828947.0,0.5467627000673065
466,Magdalena,2016,3,2,1427026.0,1.401516160182085
467,Magdalena,2016,7,1,1427026.0,0.7007580800910425
482,Meta,2016,6,2,1063454.0,1.880664325866469
650,Putumayo,2016,2,1,359127.0,2.7845302636671705
651,Putumayo,2016,6,2,359127.0,5.569060527334341
757,San Andres y Providencia,2016,2,2,63692.0,31.40111787979652
771,Santander,2016,1,2,2280908.0,0.876843783265261
772,Santander,2016,4,2,2280908.0,0.876843783265261
773,Santander,2016,5,2,2280908.0,0.876843783265261
774,Santander,2016,6,4,2280908.0,1.753687566530522
806,Sucre,2016,2,1,949252.0,1.0534610409037852
807,Sucre,2016,6,1,949252.0,1.0534610409037852
808,Sucre,2016,7,1,949252.0,1.0534610409037852
836,Tolima,2016,1,1,1339998.0,0.7462697705518964
837,Tolima,2016,2,3,1339998.0,2.238809311655689
838,Tolima,2016,3,2,1339998.0,1.4925395411037927
839,Tolima,2016,4,1,1339998.0,0.7462697705518964
840,Tolima,2016,5,4,1339998.0,2.9850790822075854
841,Tolima,2016,6,2,1339998.0,1.4925395411037927
877,Valle del Cauca,2016,1,16,4532152.0,3.5303317276207857
878,Valle del Cauca,2016,2,10,4532152.0,2.2064573297629915
879,Valle del Cauca,2016,3,24,4532152.0,5.295497591431179
880,Valle del Cauca,2016,4,28,4532152.0,6.178080523336376
881,Valle del Cauca,2016,5,28,4532152.0,6.178080523336376
882,Valle del Cauca,2016,6,38,4532152.0,8.384537853099367
883,Valle del Cauca,2016,7,15,4532152.0,3.3096859946444868
9,Antioquia,2017,1,137,6677930.0,20.515339334194877
10,Antioquia,2017,2,129,6677930.0,19.31736331467985
11,Antioquia,2017,3,126,6677930.0,18.868122307361713
12,Antioquia,2017,4,131,6677930.0,19.616857319558605
13,Antioquia,2017,5,143,6677930.0,21.41382134883115
14,Antioquia,2017,6,170,6677930.0,25.456990414694374
15,Antioquia,2017,7,148,6677930.0,22.162556361028045
44,Atlántico,2017,1,1,2722128.0,0.3673596539178173
45,Atlántico,2017,6,1,2722128.0,0.3673596539178173
47,Bolívar,2017,1,3,2180976.0,1.3755309549486103
48,Bolívar,2017,2,4,2180976.0,1.8340412732648135
49,Bolívar,2017,3,2,2180976.0,0.9170206366324067
50,Bolívar,2017,4,1,2180976.0,0.45851031831620337
51,Bolívar,2017,5,2,2180976.0,0.9170206366324067
52,Bolívar,2017,6,5,2180976.0,2.292551591581017
53,Bolívar,2017,7,3,2180976.0,1.3755309549486103
81,Boyacá,2017,1,38,1242731.0,30.57781611627939
82,Boyacá,2017,2,41,1242731.0,32.991854230722495
83,Boyacá,2017,3,53,1242731.0,42.64800668849493
84,Boyacá,2017,4,45,1242731.0,36.21057171664664
85,Boyacá,2017,5,62,1242731.0,49.890121031824265
86,Boyacá,2017,6,37,1242731.0,29.77313674479835
87,Boyacá,2017,7,50,1242731.0,40.23396857405183
116,Caldas,2017,1,15,1018453.0,14.72822015350733
117,Caldas,2017,2,25,1018453.0,24.547033589178884
118,Caldas,2017,3,21,1018453.0,20.619508214910258
119,Caldas,2017,4,21,1018453.0,20.619508214910258
120,Caldas,2017,5,24,1018453.0,23.565152245611724
121,Caldas,2017,6,19,1018453.0,18.655745527775952
122,Caldas,2017,7,22,1018453.0,21.60138955847742
151,Caquetá,2017,1,10,410521.0,24.359289780547158
152,Caquetá,2017,2,14,410521.0,34.103005692766025
153,Caquetá,2017,3,14,410521.0,34.103005692766025
154,Caquetá,2017,4,8,410521.0,19.487431824437728
155,Caquetá,2017,5,16,410521.0,38.974863648875456
156,Caquetá,2017,6,6,410521.0,14.615573868328294
157,Caquetá,2017,7,22,410521.0,53.590437517203746
190,Casanare,2017,1,11,435195.0,25.276025689633382
191,Casanare,2017,2,17,435195.0,39.06294879306977
192,Casanare,2017,3,14,435195.0,32.169487241351575
193,Casanare,2017,4,21,435195.0,48.25423086202737
194,Casanare,2017,5,24,435195.0,55.14769241374556
195,Casanare,2017,6,26,435195.0,59.74333344822436
196,Casanare,2017,7,17,435195.0,39.06294879306977
232,Cauca,2017,1,32,1491937.0,21.448626852206225
233,Cauca,2017,2,22,1491937.0,14.745930960891782
234,Cauca,2017,3,32,1491937.0,21.448626852206225
235,Cauca,2017,4,37,1491937.0,24.79997479786345
236,Cauca,2017,5,38,1491937.0,25.470244386994892
237,Cauca,2017,6,38,1491937.0,25.470244386994892
238,Cauca,2017,7,46,1491937.0,30.832401100046454
267,Cesar,2017,1,1,1295387.0,0.7719700753519991
268,Cesar,2017,2,2,1295387.0,1.5439401507039983
269,Cesar,2017,3,1,1295387.0,0.7719700753519991
270,Cesar,2017,5,2,1295387.0,1.5439401507039983
297,Chocó,2017,1,12,544764.0,22.027887305328548
298,Chocó,2017,2,7,544764.0,12.849600928108318
299,Chocó,2017,3,6,544764.0,11.013943652664274
300,Chocó,2017,4,4,544764.0,7.342629101776183
301,Chocó,2017,5,6,544764.0,11.013943652664274
302,Chocó,2017,6,9,544764.0,16.52091547899641
303,Chocó,2017,7,7,544764.0,12.849600928108318
328,Cundinamarca,2017,1,37,3242999.0,11.409192540608245
329,Cundinamarca,2017,2,30,3242999.0,9.250696654547227
330,Cundinamarca,2017,3,37,3242999.0,11.409192540608245
331,Cundinamarca,2017,4,47,3242999.0,14.492758092123987
332,Cundinamarca,2017,5,27,3242999.0,8.325626989092504
333,Cundinamarca,2017,6,43,3242999.0,13.259331871517691
334,Cundinamarca,2017,7,40,3242999.0,12.334262206062968
368,Córdoba,2017,1,18,1828947.0,9.841728601211518
369,Córdoba,2017,2,15,1828947.0,8.201440501009596
370,Córdoba,2017,3,14,1828947.0,7.6546778009422916
371,Córdoba,2017,4,20,1828947.0,10.935254001346129
372,Córdoba,2017,5,16,1828947.0,8.748203201076905
373,Córdoba,2017,6,12,1828947.0,6.5611524008076785
374,Córdoba,2017,7,26,1828947.0,14.215830201749968
403,Guajira,2017,2,1,965718.0,1.0354989758915127
404,Guajira,2017,5,1,965718.0,1.0354989758915127
405,Guajira,2017,6,1,965718.0,1.0354989758915127
433,Huila,2017,1,14,1122622.0,12.470804954828962
434,Huila,2017,2,9,1122622.0,8.016946042390048
435,Huila,2017,3,11,1122622.0,9.798489607365614
436,Huila,2017,4,8,1122622.0,7.126174259902264
437,Huila,2017,5,18,1122622.0,16.033892084780096
438,Huila,2017,6,13,1122622.0,11.58003317234118
439,Huila,2017,7,18,1122622.0,16.033892084780096
468,Magdalena,2017,1,5,1427026.0,3.5037904004552125
469,Magdalena,2017,2,2,1427026.0,1.401516160182085
470,Magdalena,2017,3,3,1427026.0,2.1022742402731276
471,Magdalena,2017,4,10,1427026.0,7.007580800910425
472,Magdalena,2017,5,3,1427026.0,2.1022742402731276
473,Magdalena,2017,6,3,1427026.0,2.1022742402731276
474,Magdalena,2017,7,7,1427026.0,4.905306560637298
483,Meta,2017,1,7,1063454.0,6.582325140532642
484,Meta,2017,2,6,1063454.0,5.641992977599407
485,Meta,2017,3,6,1063454.0,5.641992977599407
486,Meta,2017,4,11,1063454.0,10.34365379226558
487,Meta,2017,5,1,1063454.0,0.9403321629332345
488,Meta,2017,6,12,1063454.0,11.283985955198814
489,Meta,2017,7,8,1063454.0,7.522657303465876
517,Nariño,2017,1,33,1627589.0,20.275388934184246
518,Nariño,2017,2,20,1627589.0,12.28811450556621
519,Nariño,2017,3,21,1627589.0,12.902520230844518
520,Nariño,2017,4,28,1627589.0,17.203360307792693
521,Nariño,2017,5,34,1627589.0,20.889794659462556
522,Nariño,2017,6,36,1627589.0,22.118606110019176
523,Nariño,2017,7,50,1627589.0,30.720286263915522
553,Norte de Santander,2017,1,18,1620318.0,11.108930469204193
554,Norte de Santander,2017,2,16,1620318.0,9.874604861514838
555,Norte de Santander,2017,3,16,1620318.0,9.874604861514838
556,Norte de Santander,2017,4,24,1620318.0,14.811907292272258
557,Norte de Santander,2017,5,11,1620318.0,6.788790842291451
558,Norte de Santander,2017,6,18,1620318.0,11.108930469204193
559,Norte de Santander,2017,7,19,1620318.0,11.726093273048871
588,Ocaña,2017,1,5,,
589,Ocaña,2017,2,5,,
590,Ocaña,2017,3,3,,
591,Ocaña,2017,4,7,,
592,Ocaña,2017,5,11,,
593,Ocaña,2017,6,5,,
594,Ocaña,2017,7,8,,
652,Putumayo,2017,1,26,359127.0,72.39778685534644
653,Putumayo,2017,2,9,359127.0,25.060772373004536
654,Putumayo,2017,3,20,359127.0,55.690605273343415
655,Putumayo,2017,4,23,359127.0,64.04419606434492
656,Putumayo,2017,5,13,359127.0,36.19889342767322
657,Putumayo,2017,6,16,359127.0,44.55248421867473
658,Putumayo,2017,7,20,359127.0,55.690605273343415
687,Quindío,2017,1,31,555401.0,55.81552787985618
688,Quindío,2017,2,32,555401.0,57.616028779206374
689,Quindío,2017,3,29,555401.0,52.214526081155775
690,Quindío,2017,4,37,555401.0,66.61853327595738
691,Quindío,2017,5,54,555401.0,97.22704856491076
692,Quindío,2017,6,50,555401.0,90.02504496750996
693,Quindío,2017,7,49,555401.0,88.22454406815976
722,Risaralda,2017,1,78,961055.0,81.16080765408849
723,Risaralda,2017,2,85,961055.0,88.4444698794554
724,Risaralda,2017,3,82,961055.0,85.32290035429814
725,Risaralda,2017,4,87,961055.0,90.52551622956022
726,Risaralda,2017,5,92,961055.0,95.72813210482231
727,Risaralda,2017,6,99,961055.0,103.01179433018922
728,Risaralda,2017,7,62,961055.0,64.51243685324982
758,San Andres y Providencia,2017,1,14,63692.0,219.80782515857564
759,San Andres y Providencia,2017,2,4,63692.0,62.80223575959304
760,San Andres y Providencia,2017,4,4,63692.0,62.80223575959304
761,San Andres y Providencia,2017,5,8,63692.0,125.60447151918608
762,San Andres y Providencia,2017,6,10,63692.0,157.0055893989826
763,San Andres y Providencia,2017,7,10,63692.0,157.0055893989826
775,Santander,2017,1,21,2280908.0,9.206859724285241
776,Santander,2017,2,35,2280908.0,15.344766207142069
777,Santander,2017,3,21,2280908.0,9.206859724285241
778,Santander,2017,4,19,2280908.0,8.33001594101998
779,Santander,2017,5,19,2280908.0,8.33001594101998
780,Santander,2017,6,26,2280908.0,11.398969182448393
781,Santander,2017,7,33,2280908.0,14.467922423876807
809,Sucre,2017,1,10,949252.0,10.534610409037853
810,Sucre,2017,2,4,949252.0,4.213844163615141
811,Sucre,2017,3,6,949252.0,6.320766245422711
812,Sucre,2017,5,2,949252.0,2.1069220818075705
813,Sucre,2017,6,6,949252.0,6.320766245422711
814,Sucre,2017,7,5,949252.0,5.267305204518927
842,Tolima,2017,1,25,1339998.0,18.656744263797407
843,Tolima,2017,2,30,1339998.0,22.38809311655689
844,Tolima,2017,3,13,1339998.0,9.701507017174652
845,Tolima,2017,4,22,1339998.0,16.41793495214172
846,Tolima,2017,5,24,1339998.0,17.910474493245513
847,Tolima,2017,6,31,1339998.0,23.134362887108786
848,Tolima,2017,7,21,1339998.0,15.671665181589821
884,Valle del Cauca,2017,1,177,4532152.0,39.05429473680495
885,Valle del Cauca,2017,2,155,4532152.0,34.200088611326365
886,Valle del Cauca,2017,3,177,4532152.0,39.05429473680495
887,Valle del Cauca,2017,4,153,4532152.0,33.75879714537376
888,Valle del Cauca,2017,5,167,4532152.0,36.84783740704195
889,Valle del Cauca,2017,6,180,4532152.0,39.71623193573384
890,Valle del Cauca,2017,7,134,4532152.0,29.566528218824082
16,Antioquia,2018,1,79,6677930.0,11.830013192710915
17,Antioquia,2018,2,73,6677930.0,10.931531178074644
18,Antioquia,2018,3,66,6677930.0,9.883302160998992
19,Antioquia,2018,4,67,6677930.0,10.03304916343837
20,Antioquia,2018,5,68,6677930.0,10.182796165877749
21,Antioquia,2018,6,66,6677930.0,9.883302160998992
22,Antioquia,2018,7,95,6677930.0,14.225965231740973
54,Bolívar,2018,1,2,2180976.0,0.9170206366324067
55,Bolívar,2018,2,1,2180976.0,0.45851031831620337
56,Bolívar,2018,3,1,2180976.0,0.45851031831620337
57,Bolívar,2018,5,2,2180976.0,0.9170206366324067
58,Bolívar,2018,6,2,2180976.0,0.9170206366324067
88,Boyacá,2018,1,44,1242731.0,35.405892345165604
89,Boyacá,2018,2,50,1242731.0,40.23396857405183
90,Boyacá,2018,3,46,1242731.0,37.015251088127684
91,Boyacá,2018,4,51,1242731.0,41.038647945532865
92,Boyacá,2018,5,51,1242731.0,41.038647945532865
93,Boyacá,2018,6,75,1242731.0,60.35095286107774
94,Boyacá,2018,7,42,1242731.0,33.79653360220353
123,Caldas,2018,1,30,1018453.0,29.45644030701466
124,Caldas,2018,2,28,1018453.0,27.492677619880347
125,Caldas,2018,3,18,1018453.0,17.673864184208792
126,Caldas,2018,4,30,1018453.0,29.45644030701466
127,Caldas,2018,5,46,1018453.0,45.16654180408914
128,Caldas,2018,6,27,1018453.0,26.510796276313194
129,Caldas,2018,7,19,1018453.0,18.655745527775952
158,Caquetá,2018,1,19,410521.0,46.2826505830396
159,Caquetá,2018,2,12,410521.0,29.231147736656588
160,Caquetá,2018,3,16,410521.0,38.974863648875456
161,Caquetá,2018,4,22,410521.0,53.590437517203746
162,Caquetá,2018,5,9,410521.0,21.923360802492443
163,Caquetá,2018,6,10,410521.0,24.359289780547158
164,Caquetá,2018,7,20,410521.0,48.718579561094316
197,Casanare,2018,1,22,435195.0,50.552051379266764
198,Casanare,2018,2,15,435195.0,34.46730775859098
199,Casanare,2018,3,23,435195.0,52.84987189650616
200,Casanare,2018,4,9,435195.0,20.680384655154587
201,Casanare,2018,5,26,435195.0,59.74333344822436
202,Casanare,2018,6,24,435195.0,55.14769241374556
203,Casanare,2018,7,34,435195.0,78.12589758613954
239,Cauca,2018,1,21,1491937.0,14.075661371760336
240,Cauca,2018,2,12,1491937.0,8.043235069577335
241,Cauca,2018,3,19,1491937.0,12.735122193497446
242,Cauca,2018,4,21,1491937.0,14.075661371760336
243,Cauca,2018,5,29,1491937.0,19.43781808481189
244,Cauca,2018,6,20,1491937.0,13.405391782628891
245,Cauca,2018,7,34,1491937.0,22.789166030469115
271,Cesar,2018,1,14,1295387.0,10.807581054927986
272,Cesar,2018,2,11,1295387.0,8.49167082887199
273,Cesar,2018,3,16,1295387.0,12.351521205631986
274,Cesar,2018,4,17,1295387.0,13.123491280983984
275,Cesar,2018,5,16,1295387.0,12.351521205631986
276,Cesar,2018,6,14,1295387.0,10.807581054927986
277,Cesar,2018,7,8,1295387.0,6.175760602815993
304,Chocó,2018,1,3,544764.0,5.506971826332137
305,Chocó,2018,3,2,544764.0,3.6713145508880913
306,Chocó,2018,4,2,544764.0,3.6713145508880913
307,Chocó,2018,6,1,544764.0,1.8356572754440457
308,Chocó,2018,7,6,544764.0,11.013943652664274
335,Cundinamarca,2018,1,18,3242999.0,5.550417992728336
336,Cundinamarca,2018,2,17,3242999.0,5.242061437576762
337,Cundinamarca,2018,3,24,3242999.0,7.4005573236377815
338,Cundinamarca,2018,4,16,3242999.0,4.933704882425188
339,Cundinamarca,2018,5,23,3242999.0,7.092200768486207
340,Cundinamarca,2018,6,17,3242999.0,5.242061437576762
341,Cundinamarca,2018,7,12,3242999.0,3.7002786618188908
375,Córdoba,2018,1,11,1828947.0,6.014389700740371
376,Córdoba,2018,2,3,1828947.0,1.6402881002019196
377,Córdoba,2018,3,9,1828947.0,4.920864300605759
378,Córdoba,2018,4,5,1828947.0,2.7338135003365323
379,Córdoba,2018,5,4,1828947.0,2.187050800269226
380,Córdoba,2018,6,3,1828947.0,1.6402881002019196
381,Córdoba,2018,7,2,1828947.0,1.093525400134613
406,Guajira,2018,1,1,965718.0,1.0354989758915127
407,Guajira,2018,2,2,965718.0,2.0709979517830255
408,Guajira,2018,3,2,965718.0,2.0709979517830255
409,Guajira,2018,4,1,965718.0,1.0354989758915127
410,Guajira,2018,5,2,965718.0,2.0709979517830255
411,Guajira,2018,6,2,965718.0,2.0709979517830255
412,Guajira,2018,7,3,965718.0,3.106496927674539
440,Huila,2018,1,1,1122622.0,0.890771782487783
441,Huila,2018,2,4,1122622.0,3.563087129951132
442,Huila,2018,3,5,1122622.0,4.453858912438915
443,Huila,2018,4,3,1122622.0,2.672315347463349
444,Huila,2018,5,3,1122622.0,2.672315347463349
445,Huila,2018,6,10,1122622.0,8.90771782487783
446,Huila,2018,7,14,1122622.0,12.470804954828962
475,Magdalena,2018,1,1,1427026.0,0.7007580800910425
476,Magdalena,2018,2,2,1427026.0,1.401516160182085
477,Magdalena,2018,3,2,1427026.0,1.401516160182085
478,Magdalena,2018,4,1,1427026.0,0.7007580800910425
479,Magdalena,2018,5,1,1427026.0,0.7007580800910425
480,Magdalena,2018,6,1,1427026.0,0.7007580800910425
481,Magdalena,2018,7,3,1427026.0,2.1022742402731276
490,Meta,2018,1,2,1063454.0,1.880664325866469
491,Meta,2018,2,2,1063454.0,1.880664325866469
492,Meta,2018,3,2,1063454.0,1.880664325866469
493,Meta,2018,4,2,1063454.0,1.880664325866469
494,Meta,2018,5,6,1063454.0,5.641992977599407
495,Meta,2018,7,5,1063454.0,4.701660814666172
524,Nariño,2018,1,25,1627589.0,15.360143131957761
525,Nariño,2018,2,26,1627589.0,15.974548857236071
526,Nariño,2018,3,23,1627589.0,14.13133168140114
527,Nariño,2018,4,28,1627589.0,17.203360307792693
528,Nariño,2018,5,29,1627589.0,17.817766033071003
529,Nariño,2018,6,29,1627589.0,17.817766033071003
530,Nariño,2018,7,27,1627589.0,16.58895458251438
560,Norte de Santander,2018,1,14,1620318.0,8.640279253825483
561,Norte de Santander,2018,2,9,1620318.0,5.554465234602096
562,Norte de Santander,2018,3,18,1620318.0,11.108930469204193
563,Norte de Santander,2018,4,9,1620318.0,5.554465234602096
564,Norte de Santander,2018,5,12,1620318.0,7.405953646136129
565,Norte de Santander,2018,6,17,1620318.0,10.491767665359516
566,Norte de Santander,2018,7,14,1620318.0,8.640279253825483
595,Ocaña,2018,1,6,,
596,Ocaña,2018,2,2,,
597,Ocaña,2018,3,8,,
598,Ocaña,2018,4,6,,
599,Ocaña,2018,5,5,,
600,Ocaña,2018,6,11,,
601,Ocaña,2018,7,6,,
622,Planta Central,2018,1,4,,
623,Planta Central,2018,2,10,,
624,Planta Central,2018,3,12,,
625,Planta Central,2018,4,9,,
626,Planta Central,2018,5,14,,
627,Planta Central,2018,6,13,,
628,Planta Central,2018,7,11,,
659,Putumayo,2018,1,16,359127.0,44.55248421867473
660,Putumayo,2018,2,5,359127.0,13.922651318335854
661,Putumayo,2018,3,4,359127.0,11.138121054668682
662,Putumayo,2018,4,4,359127.0,11.138121054668682
663,Putumayo,2018,5,9,359127.0,25.060772373004536
664,Putumayo,2018,6,10,359127.0,27.845302636671708
665,Putumayo,2018,7,9,359127.0,25.060772373004536
694,Quindío,2018,1,28,555401.0,50.41402518180558
695,Quindío,2018,2,28,555401.0,50.41402518180558
696,Quindío,2018,3,37,555401.0,66.61853327595738
697,Quindío,2018,4,24,555401.0,43.21202158440478
698,Quindío,2018,5,30,555401.0,54.01502698050597
699,Quindío,2018,6,24,555401.0,43.21202158440478
700,Quindío,2018,7,20,555401.0,36.010017987003984
729,Risaralda,2018,1,53,961055.0,55.14772827777807
730,Risaralda,2018,2,53,961055.0,55.14772827777807
731,Risaralda,2018,3,49,961055.0,50.9856355775684
732,Risaralda,2018,4,53,961055.0,55.14772827777807
733,Risaralda,2018,5,44,961055.0,45.78301970230632
734,Risaralda,2018,6,45,961055.0,46.82354287735874
735,Risaralda,2018,7,42,961055.0,43.701973352201485
764,San Andres y Providencia,2018,3,2,63692.0,31.40111787979652
765,San Andres y Providencia,2018,4,10,63692.0,157.0055893989826
766,San Andres y Providencia,2018,6,6,63692.0,94.20335363938956
767,San Andres y Providencia,2018,7,4,63692.0,62.80223575959304
782,Santander,2018,1,30,2280908.0,13.152656748978915
783,Santander,2018,2,48,2280908.0,21.044250798366264
784,Santander,2018,3,40,2280908.0,17.53687566530522
785,Santander,2018,4,47,2280908.0,20.605828906733635
786,Santander,2018,5,54,2280908.0,23.67478214816205
787,Santander,2018,6,60,2280908.0,26.30531349795783
788,Santander,2018,7,49,2280908.0,21.482672689998893
815,Sucre,2018,1,8,949252.0,8.427688327230282
816,Sucre,2018,2,5,949252.0,5.267305204518927
817,Sucre,2018,3,6,949252.0,6.320766245422711
818,Sucre,2018,4,4,949252.0,4.213844163615141
819,Sucre,2018,5,3,949252.0,3.1603831227113557
820,Sucre,2018,6,3,949252.0,3.1603831227113557
821,Sucre,2018,7,4,949252.0,4.213844163615141
849,Tolima,2018,1,10,1339998.0,7.462697705518964
850,Tolima,2018,2,14,1339998.0,10.44777678772655
851,Tolima,2018,3,19,1339998.0,14.179125640486031
852,Tolima,2018,4,15,1339998.0,11.194046558278446
853,Tolima,2018,5,16,1339998.0,11.940316328830342
854,Tolima,2018,6,20,1339998.0,14.925395411037927
855,Tolima,2018,7,16,1339998.0,11.940316328830342
891,Valle del Cauca,2018,1,29,4532152.0,6.398726256312674
892,Valle del Cauca,2018,2,31,4532152.0,6.840017722265272
893,Valle del Cauca,2018,3,34,4532152.0,7.50195492119417
894,Valle del Cauca,2018,4,44,4532152.0,9.708412250957162
895,Valle del Cauca,2018,5,31,4532152.0,6.840017722265272
896,Valle del Cauca,2018,6,37,4532152.0,8.163892120123068
897,Valle del Cauca,2018,7,37,4532152.0,8.163892120123068
23,Antioquia,2019,1,31,6677930.0,4.642157075620738
24,Antioquia,2019,2,45,6677930.0,6.73861510977204
25,Antioquia,2019,3,40,6677930.0,5.9898800975751465
26,Antioquia,2019,4,42,6677930.0,6.2893741024539045
27,Antioquia,2019,5,31,6677930.0,4.642157075620738
28,Antioquia,2019,6,38,6677930.0,5.690386092696389
29,Antioquia,2019,7,37,6677930.0,5.540639090257011
46,Atlántico,2019,2,2,2722128.0,0.7347193078356345
59,Bolívar,2019,5,2,2180976.0,0.9170206366324067
60,Bolívar,2019,6,2,2180976.0,0.9170206366324067
95,Boyacá,2019,1,51,1242731.0,41.038647945532865
96,Boyacá,2019,2,38,1242731.0,30.57781611627939
97,Boyacá,2019,3,39,1242731.0,31.382495487760426
98,Boyacá,2019,4,37,1242731.0,29.77313674479835
99,Boyacá,2019,5,58,1242731.0,46.67140354590012
100,Boyacá,2019,6,67,1242731.0,53.91351788922945
101,Boyacá,2019,7,60,1242731.0,48.28076228886219
130,Caldas,2019,1,30,1018453.0,29.45644030701466
131,Caldas,2019,2,29,1018453.0,28.474558963447503
132,Caldas,2019,3,24,1018453.0,23.565152245611724
133,Caldas,2019,4,40,1018453.0,39.27525374268621
134,Caldas,2019,5,36,1018453.0,35.347728368417584
135,Caldas,2019,6,43,1018453.0,42.220897773387684
136,Caldas,2019,7,34,1018453.0,33.38396568128328
165,Caquetá,2019,1,17,410521.0,41.41079262693017
166,Caquetá,2019,2,12,410521.0,29.231147736656588
167,Caquetá,2019,3,14,410521.0,34.103005692766025
168,Caquetá,2019,4,9,410521.0,21.923360802492443
169,Caquetá,2019,5,13,410521.0,31.667076714711303
170,Caquetá,2019,6,13,410521.0,31.667076714711303
171,Caquetá,2019,7,13,410521.0,31.667076714711303
204,Casanare,2019,1,13,435195.0,29.87166672411218
205,Casanare,2019,2,9,435195.0,20.680384655154587
206,Casanare,2019,3,9,435195.0,20.680384655154587
207,Casanare,2019,4,14,435195.0,32.169487241351575
208,Casanare,2019,5,10,435195.0,22.978205172393984
209,Casanare,2019,6,11,435195.0,25.276025689633382
210,Casanare,2019,7,8,435195.0,18.382564137915185
246,Cauca,2019,1,16,1491937.0,10.724313426103112
247,Cauca,2019,2,15,1491937.0,10.054043836971667
248,Cauca,2019,3,10,1491937.0,6.702695891314446
249,Cauca,2019,4,15,1491937.0,10.054043836971667
250,Cauca,2019,5,15,1491937.0,10.054043836971667
251,Cauca,2019,6,11,1491937.0,7.372965480445891
252,Cauca,2019,7,12,1491937.0,8.043235069577335
278,Cesar,2019,1,4,1295387.0,3.0878803014079965
279,Cesar,2019,2,6,1295387.0,4.631820452111994
280,Cesar,2019,3,6,1295387.0,4.631820452111994
281,Cesar,2019,4,8,1295387.0,6.175760602815993
282,Cesar,2019,5,13,1295387.0,10.035610979575988
283,Cesar,2019,6,14,1295387.0,10.807581054927986
284,Cesar,2019,7,7,1295387.0,5.403790527463993
309,Chocó,2019,1,3,544764.0,5.506971826332137
310,Chocó,2019,2,3,544764.0,5.506971826332137
311,Chocó,2019,3,1,544764.0,1.8356572754440457
312,Chocó,2019,4,2,544764.0,3.6713145508880913
313,Chocó,2019,7,4,544764.0,7.342629101776183
342,Cundinamarca,2019,1,12,3242999.0,3.7002786618188908
343,Cundinamarca,2019,2,5,3242999.0,1.541782775757871
344,Cundinamarca,2019,3,7,3242999.0,2.158495886061019
345,Cundinamarca,2019,4,8,3242999.0,2.466852441212594
346,Cundinamarca,2019,5,18,3242999.0,5.550417992728336
347,Cundinamarca,2019,6,13,3242999.0,4.008635216970465
348,Cundinamarca,2019,7,16,3242999.0,4.933704882425188
382,Córdoba,2019,1,8,1828947.0,4.374101600538452
383,Córdoba,2019,2,10,1828947.0,5.4676270006730645
384,Córdoba,2019,3,7,1828947.0,3.8273389004711458
385,Córdoba,2019,4,12,1828947.0,6.5611524008076785
386,Córdoba,2019,5,8,1828947.0,4.374101600538452
387,Córdoba,2019,6,13,1828947.0,7.107915100874984
388,Córdoba,2019,7,5,1828947.0,2.7338135003365323
413,Guajira,2019,1,10,965718.0,10.35498975891513
414,Guajira,2019,2,7,965718.0,7.24849283124059
415,Guajira,2019,3,4,965718.0,4.141995903566051
416,Guajira,2019,4,9,965718.0,9.319490783023614
417,Guajira,2019,5,9,965718.0,9.319490783023614
418,Guajira,2019,6,11,965718.0,11.390488734806642
419,Guajira,2019,7,9,965718.0,9.319490783023614
447,Huila,2019,1,6,1122622.0,5.344630694926698
448,Huila,2019,2,3,1122622.0,2.672315347463349
449,Huila,2019,3,1,1122622.0,0.890771782487783
450,Huila,2019,4,7,1122622.0,6.235402477414481
451,Huila,2019,5,6,1122622.0,5.344630694926698
452,Huila,2019,6,8,1122622.0,7.126174259902264
453,Huila,2019,7,9,1122622.0,8.016946042390048
496,Meta,2019,1,1,1063454.0,0.9403321629332345
497,Meta,2019,2,3,1063454.0,2.8209964887997034
498,Meta,2019,3,3,1063454.0,2.8209964887997034
499,Meta,2019,4,1,1063454.0,0.9403321629332345
500,Meta,2019,5,3,1063454.0,2.8209964887997034
501,Meta,2019,6,6,1063454.0,5.641992977599407
502,Meta,2019,7,3,1063454.0,2.8209964887997034
531,Nariño,2019,1,24,1627589.0,14.745737406679451
532,Nariño,2019,2,14,1627589.0,8.601680153896346
533,Nariño,2019,3,19,1627589.0,11.673708780287898
534,Nariño,2019,4,18,1627589.0,11.059303055009588
535,Nariño,2019,5,19,1627589.0,11.673708780287898
536,Nariño,2019,6,19,1627589.0,11.673708780287898
537,Nariño,2019,7,44,1627589.0,27.03385191224566
567,Norte de Santander,2019,1,11,1620318.0,6.788790842291451
568,Norte de Santander,2019,2,10,1620318.0,6.171628038446774
569,Norte de Santander,2019,3,11,1620318.0,6.788790842291451
570,Norte de Santander,2019,4,18,1620318.0,11.108930469204193
571,Norte de Santander,2019,5,16,1620318.0,9.874604861514838
572,Norte de Santander,2019,6,21,1620318.0,12.960418880738226
573,Norte de Santander,2019,7,17,1620318.0,10.491767665359516
602,Ocaña,2019,1,3,,
603,Ocaña,2019,2,7,,
604,Ocaña,2019,3,2,,
605,Ocaña,2019,4,2,,
606,Ocaña,2019,5,4,,
607,Ocaña,2019,6,2,,
608,Ocaña,2019,7,3,,
629,Planta Central,2019,1,94,,
630,Planta Central,2019,2,110,,
631,Planta Central,2019,3,107,,
632,Planta Central,2019,4,119,,
633,Planta Central,2019,5,113,,
634,Planta Central,2019,6,119,,
635,Planta Central,2019,7,133,,
666,Putumayo,2019,1,18,359127.0,50.12154474600907
667,Putumayo,2019,2,10,359127.0,27.845302636671708
668,Putumayo,2019,3,10,359127.0,27.845302636671708
669,Putumayo,2019,4,9,359127.0,25.060772373004536
670,Putumayo,2019,5,7,359127.0,19.491711845670196
671,Putumayo,2019,6,11,359127.0,30.629832900338876
672,Putumayo,2019,7,13,359127.0,36.19889342767322
701,Quindío,2019,1,5,555401.0,9.002504496750996
702,Quindío,2019,2,12,555401.0,21.60601079220239
703,Quindío,2019,3,4,555401.0,7.202003597400797
704,Quindío,2019,4,10,555401.0,18.005008993501992
705,Quindío,2019,5,2,555401.0,3.6010017987003984
706,Quindío,2019,6,9,555401.0,16.204508094151794
707,Quindío,2019,7,8,555401.0,14.404007194801594
736,Risaralda,2019,1,31,961055.0,32.25621842662491
737,Risaralda,2019,2,36,961055.0,37.45883430188699
738,Risaralda,2019,3,31,961055.0,32.25621842662491
739,Risaralda,2019,4,32,961055.0,33.296741601677326
740,Risaralda,2019,5,34,961055.0,35.37778795178215
741,Risaralda,2019,6,22,961055.0,22.89150985115316
742,Risaralda,2019,7,27,961055.0,28.094125726415243
789,Santander,2019,1,18,2280908.0,7.89159404938735
790,Santander,2019,2,17,2280908.0,7.453172157754719
791,Santander,2019,3,23,2280908.0,10.083703507550501
792,Santander,2019,4,22,2280908.0,9.645281615917872
793,Santander,2019,5,9,2280908.0,3.945797024693675
794,Santander,2019,6,18,2280908.0,7.89159404938735
795,Santander,2019,7,17,2280908.0,7.453172157754719
822,Sucre,2019,1,1,949252.0,1.0534610409037852
823,Sucre,2019,2,1,949252.0,1.0534610409037852
824,Sucre,2019,3,2,949252.0,2.1069220818075705
825,Sucre,2019,4,3,949252.0,3.1603831227113557
826,Sucre,2019,5,4,949252.0,4.213844163615141
827,Sucre,2019,6,6,949252.0,6.320766245422711
828,Sucre,2019,7,2,949252.0,2.1069220818075705
856,Tolima,2019,1,8,1339998.0,5.970158164415171
857,Tolima,2019,2,9,1339998.0,6.716427934967068
858,Tolima,2019,3,7,1339998.0,5.223888393863275
859,Tolima,2019,4,13,1339998.0,9.701507017174652
860,Tolima,2019,5,8,1339998.0,5.970158164415171
861,Tolima,2019,6,8,1339998.0,5.970158164415171
862,Tolima,2019,7,9,1339998.0,6.716427934967068
898,Valle del Cauca,2019,1,13,4532152.0,2.868394528691889
899,Valle del Cauca,2019,2,9,4532152.0,1.9858115967866923
900,Valle del Cauca,2019,3,7,4532152.0,1.544520130834094
901,Valle del Cauca,2019,4,14,4532152.0,3.089040261668188
902,Valle del Cauca,2019,5,7,4532152.0,1.544520130834094
903,Valle del Cauca,2019,6,13,4532152.0,2.868394528691889
904,Valle del Cauca,2019,7,14,4532152.0,3.089040261668188
30,Antioquia,2020,1,24,6677930.0,3.593928058545088
31,Antioquia,2020,2,15,6677930.0,2.24620503659068
32,Antioquia,2020,3,33,6677930.0,4.941651080499496
33,Antioquia,2020,4,16,6677930.0,2.395952039030059
34,Antioquia,2020,5,25,6677930.0,3.7436750609844665
35,Antioquia,2020,6,20,6677930.0,2.9949400487875733
36,Antioquia,2020,7,18,6677930.0,2.6954460439088157
61,Bolívar,2020,2,7,2180976.0,3.209572228213424
62,Bolívar,2020,3,3,2180976.0,1.3755309549486103
63,Bolívar,2020,4,3,2180976.0,1.3755309549486103
64,Bolívar,2020,5,6,2180976.0,2.7510619098972207
65,Bolívar,2020,6,2,2180976.0,0.9170206366324067
66,Bolívar,2020,7,2,2180976.0,0.9170206366324067
102,Boyacá,2020,1,39,1242731.0,31.382495487760426
103,Boyacá,2020,2,43,1242731.0,34.60121297368457
104,Boyacá,2020,3,46,1242731.0,37.015251088127684
105,Boyacá,2020,4,37,1242731.0,29.77313674479835
106,Boyacá,2020,5,39,1242731.0,31.382495487760426
107,Boyacá,2020,6,38,1242731.0,30.57781611627939
108,Boyacá,2020,7,50,1242731.0,40.23396857405183
137,Caldas,2020,1,20,1018453.0,19.637626871343105
138,Caldas,2020,2,33,1018453.0,32.402084337716126
139,Caldas,2020,3,20,1018453.0,19.637626871343105
140,Caldas,2020,4,31,1018453.0,30.438321650581813
141,Caldas,2020,5,19,1018453.0,18.655745527775952
142,Caldas,2020,6,28,1018453.0,27.492677619880347
143,Caldas,2020,7,11,1018453.0,10.80069477923871
172,Caquetá,2020,1,4,410521.0,9.743715912218864
173,Caquetá,2020,2,10,410521.0,24.359289780547158
174,Caquetá,2020,3,6,410521.0,14.615573868328294
175,Caquetá,2020,4,7,410521.0,17.051502846383013
176,Caquetá,2020,5,15,410521.0,36.53893467082074
177,Caquetá,2020,6,15,410521.0,36.53893467082074
178,Caquetá,2020,7,11,410521.0,26.795218758601873
211,Casanare,2020,1,25,435195.0,57.44551293098496
212,Casanare,2020,2,19,435195.0,43.658589827548575
213,Casanare,2020,3,18,435195.0,41.36076931030917
214,Casanare,2020,4,32,435195.0,73.53025655166074
215,Casanare,2020,5,29,435195.0,66.63679499994255
216,Casanare,2020,6,16,435195.0,36.76512827583037
217,Casanare,2020,7,30,435195.0,68.93461551718195
253,Cauca,2020,1,26,1491937.0,17.42700931741756
254,Cauca,2020,2,18,1491937.0,12.064852604366003
255,Cauca,2020,3,24,1491937.0,16.08647013915467
256,Cauca,2020,4,22,1491937.0,14.745930960891782
257,Cauca,2020,5,25,1491937.0,16.756739728286114
258,Cauca,2020,6,25,1491937.0,16.756739728286114
259,Cauca,2020,7,32,1491937.0,21.448626852206225
285,Cesar,2020,1,10,1295387.0,7.71970075351999
286,Cesar,2020,2,11,1295387.0,8.49167082887199
287,Cesar,2020,3,14,1295387.0,10.807581054927986
288,Cesar,2020,4,18,1295387.0,13.895461356335982
289,Cesar,2020,5,17,1295387.0,13.123491280983984
290,Cesar,2020,6,19,1295387.0,14.667431431687982
291,Cesar,2020,7,15,1295387.0,11.579551130279986
314,Chocó,2020,1,1,544764.0,1.8356572754440457
315,Chocó,2020,2,1,544764.0,1.8356572754440457
316,Chocó,2020,3,5,544764.0,9.178286377220228
317,Chocó,2020,4,3,544764.0,5.506971826332137
318,Chocó,2020,5,3,544764.0,5.506971826332137
319,Chocó,2020,6,1,544764.0,1.8356572754440457
320,Chocó,2020,7,3,544764.0,5.506971826332137
349,Cundinamarca,2020,1,6,3242999.0,1.8501393309094454
350,Cundinamarca,2020,2,15,3242999.0,4.625348327273613
351,Cundinamarca,2020,3,8,3242999.0,2.466852441212594
352,Cundinamarca,2020,4,12,3242999.0,3.7002786618188908
353,Cundinamarca,2020,5,6,3242999.0,1.8501393309094454
354,Cundinamarca,2020,6,8,3242999.0,2.466852441212594
355,Cundinamarca,2020,7,2,3242999.0,0.6167131103031485
389,Córdoba,2020,1,19,1828947.0,10.388491301278824
390,Córdoba,2020,2,16,1828947.0,8.748203201076905
391,Córdoba,2020,3,14,1828947.0,7.6546778009422916
392,Córdoba,2020,4,24,1828947.0,13.122304801615357
393,Córdoba,2020,5,17,1828947.0,9.29496590114421
394,Córdoba,2020,6,19,1828947.0,10.388491301278824
395,Córdoba,2020,7,24,1828947.0,13.122304801615357
420,Guajira,2020,1,4,965718.0,4.141995903566051
421,Guajira,2020,2,4,965718.0,4.141995903566051
422,Guajira,2020,3,8,965718.0,8.283991807132102
423,Guajira,2020,4,3,965718.0,3.106496927674539
424,Guajira,2020,5,2,965718.0,2.0709979517830255
425,Guajira,2020,6,5,965718.0,5.177494879457565
426,Guajira,2020,7,4,965718.0,4.141995903566051
454,Huila,2020,1,8,1122622.0,7.126174259902264
455,Huila,2020,2,9,1122622.0,8.016946042390048
456,Huila,2020,3,6,1122622.0,5.344630694926698
457,Huila,2020,4,5,1122622.0,4.453858912438915
458,Huila,2020,5,9,1122622.0,8.016946042390048
459,Huila,2020,6,7,1122622.0,6.235402477414481
460,Huila,2020,7,14,1122622.0,12.470804954828962
503,Meta,2020,1,3,1063454.0,2.8209964887997034
504,Meta,2020,2,9,1063454.0,8.46298946639911
505,Meta,2020,3,7,1063454.0,6.582325140532642
506,Meta,2020,4,9,1063454.0,8.46298946639911
507,Meta,2020,5,9,1063454.0,8.46298946639911
508,Meta,2020,6,9,1063454.0,8.46298946639911
509,Meta,2020,7,9,1063454.0,8.46298946639911
538,Nariño,2020,1,30,1627589.0,18.432171758349313
539,Nariño,2020,2,26,1627589.0,15.974548857236071
540,Nariño,2020,3,22,1627589.0,13.51692595612283
541,Nariño,2020,4,20,1627589.0,12.28811450556621
542,Nariño,2020,5,19,1627589.0,11.673708780287898
543,Nariño,2020,6,31,1627589.0,19.046577483627622
544,Nariño,2020,7,31,1627589.0,19.046577483627622
574,Norte de Santander,2020,1,13,1620318.0,8.023116449980806
575,Norte de Santander,2020,2,9,1620318.0,5.554465234602096
576,Norte de Santander,2020,3,13,1620318.0,8.023116449980806
577,Norte de Santander,2020,4,8,1620318.0,4.937302430757419
578,Norte de Santander,2020,5,4,1620318.0,2.4686512153787095
579,Norte de Santander,2020,6,8,1620318.0,4.937302430757419
580,Norte de Santander,2020,7,12,1620318.0,7.405953646136129
609,Ocaña,2020,1,4,,
610,Ocaña,2020,2,2,,
611,Ocaña,2020,4,4,,
612,Ocaña,2020,5,2,,
613,Ocaña,2020,6,9,,
614,Ocaña,2020,7,5,,
636,Planta Central,2020,1,190,,
637,Planta Central,2020,2,186,,
638,Planta Central,2020,3,227,,
639,Planta Central,2020,4,221,,
640,Planta Central,2020,5,231,,
641,Planta Central,2020,6,257,,
642,Planta Central,2020,7,238,,
673,Putumayo,2020,1,14,359127.0,38.98342369134039
674,Putumayo,2020,2,14,359127.0,38.98342369134039
675,Putumayo,2020,3,12,359127.0,33.41436316400605
676,Putumayo,2020,4,15,359127.0,41.767953955007556
677,Putumayo,2020,5,10,359127.0,27.845302636671708
678,Putumayo,2020,6,8,359127.0,22.276242109337364
679,Putumayo,2020,7,8,359127.0,22.276242109337364
708,Quindío,2020,1,13,555401.0,23.40651169155259
709,Quindío,2020,2,22,555401.0,39.611019785704386
710,Quindío,2020,3,25,555401.0,45.01252248375498
711,Quindío,2020,4,11,555401.0,19.805509892852193
712,Quindío,2020,5,8,555401.0,14.404007194801594
713,Quindío,2020,6,14,555401.0,25.20701259090279
714,Quindío,2020,7,9,555401.0,16.204508094151794
743,Risaralda,2020,1,53,961055.0,55.14772827777807
744,Risaralda,2020,2,36,961055.0,37.45883430188699
745,Risaralda,2020,3,39,961055.0,40.58040382704424
746,Risaralda,2020,4,25,961055.0,26.013079376310408
747,Risaralda,2020,5,41,961055.0,42.66145017714907
748,Risaralda,2020,6,42,961055.0,43.701973352201485
749,Risaralda,2020,7,31,961055.0,32.25621842662491
768,San Andres y Providencia,2020,5,1,63692.0,15.70055893989826
769,San Andres y Providencia,2020,6,1,63692.0,15.70055893989826
770,San Andres y Providencia,2020,7,5,63692.0,78.5027946994913
796,Santander,2020,1,6,2280908.0,2.630531349795783
797,Santander,2020,2,2,2280908.0,0.876843783265261
798,Santander,2020,3,8,2280908.0,3.507375133061044
799,Santander,2020,4,8,2280908.0,3.507375133061044
800,Santander,2020,5,8,2280908.0,3.507375133061044
801,Santander,2020,6,2,2280908.0,0.876843783265261
802,Santander,2020,7,11,2280908.0,4.822640807958936
829,Sucre,2020,1,4,949252.0,4.213844163615141
830,Sucre,2020,2,6,949252.0,6.320766245422711
831,Sucre,2020,3,2,949252.0,2.1069220818075705
832,Sucre,2020,4,3,949252.0,3.1603831227113557
833,Sucre,2020,5,4,949252.0,4.213844163615141
834,Sucre,2020,6,4,949252.0,4.213844163615141
835,Sucre,2020,7,5,949252.0,5.267305204518927
863,Tolima,2020,1,7,1339998.0,5.223888393863275
864,Tolima,2020,2,13,1339998.0,9.701507017174652
865,Tolima,2020,3,19,1339998.0,14.179125640486031
866,Tolima,2020,4,15,1339998.0,11.194046558278446
867,Tolima,2020,5,17,1339998.0,12.686586099382238
868,Tolima,2020,6,13,1339998.0,9.701507017174652
869,Tolima,2020,7,13,1339998.0,9.701507017174652
905,Valle del Cauca,2020,1,39,4532152.0,8.605183586075666
906,Valle del Cauca,2020,2,28,4532152.0,6.178080523336376
907,Valle del Cauca,2020,3,38,4532152.0,8.384537853099367
908,Valle del Cauca,2020,4,38,4532152.0,8.384537853099367
909,Valle del Cauca,2020,5,32,4532152.0,7.0606634552415715
910,Valle del Cauca,2020,6,55,4532152.0,12.135515313696452
911,Valle del Cauca,2020,7,50,4532152.0,11.032286648814956
37,Antioquia,2021,1,9,6677930.0,1.3477230219544079
38,Antioquia,2021,2,7,6677930.0,1.0482290170756507
39,Antioquia,2021,3,7,6677930.0,1.0482290170756507
40,Antioquia,2021,4,7,6677930.0,1.0482290170756507
41,Antioquia,2021,5,5,6677930.0,0.7487350121968933
42,Antioquia,2021,6,9,6677930.0,1.3477230219544079
43,Antioquia,2021,7,6,6677930.0,0.898482014636272
67,Bolívar,2021,1,2,2180976.0,0.9170206366324067
68,Bolívar,2021,2,6,2180976.0,2.7510619098972207
69,Bolívar,2021,3,3,2180976.0,1.3755309549486103
70,Bolívar,2021,4,2,2180976.0,0.9170206366324067
71,Bolívar,2021,5,1,2180976.0,0.45851031831620337
72,Bolívar,2021,6,2,2180976.0,0.9170206366324067
73,Bolívar,2021,7,8,2180976.0,3.668082546529627
109,Boyacá,2021,1,39,1242731.0,31.382495487760426
110,Boyacá,2021,2,54,1242731.0,43.45268605997597
111,Boyacá,2021,3,36,1242731.0,28.968457373317314
112,Boyacá,2021,4,33,1242731.0,26.554419258874205
113,Boyacá,2021,5,35,1242731.0,28.163778001836278
114,Boyacá,2021,6,48,1242731.0,38.62460983108976
115,Boyacá,2021,7,48,1242731.0,38.62460983108976
144,Caldas,2021,1,12,1018453.0,11.782576122805862
145,Caldas,2021,2,15,1018453.0,14.72822015350733
146,Caldas,2021,3,13,1018453.0,12.764457466373019
147,Caldas,2021,4,19,1018453.0,18.655745527775952
148,Caldas,2021,5,16,1018453.0,15.710101497074485
149,Caldas,2021,6,15,1018453.0,14.72822015350733
150,Caldas,2021,7,18,1018453.0,17.673864184208792
179,Caquetá,2021,1,5,410521.0,12.179644890273579
180,Caquetá,2021,2,4,410521.0,9.743715912218864
181,Caquetá,2021,3,2,410521.0,4.871857956109432
182,Caquetá,2021,4,7,410521.0,17.051502846383013
183,Caquetá,2021,5,7,410521.0,17.051502846383013
184,Caquetá,2021,6,5,410521.0,12.179644890273579
185,Caquetá,2021,7,7,410521.0,17.051502846383013
218,Casanare,2021,1,16,435195.0,36.76512827583037
219,Casanare,2021,2,17,435195.0,39.06294879306977
220,Casanare,2021,3,10,435195.0,22.978205172393984
221,Casanare,2021,4,16,435195.0,36.76512827583037
222,Casanare,2021,5,14,435195.0,32.169487241351575
223,Casanare,2021,6,19,435195.0,43.658589827548575
224,Casanare,2021,7,20,435195.0,45.95641034478797
260,Cauca,2021,1,8,1491937.0,5.362156713051556
261,Cauca,2021,2,11,1491937.0,7.372965480445891
262,Cauca,2021,3,7,1491937.0,4.691887123920112
263,Cauca,2021,4,10,1491937.0,6.702695891314446
264,Cauca,2021,5,6,1491937.0,4.021617534788668
265,Cauca,2021,6,11,1491937.0,7.372965480445891
266,Cauca,2021,7,13,1491937.0,8.71350465870878
292,Cesar,2021,1,2,1295387.0,1.5439401507039983
293,Cesar,2021,2,3,1295387.0,2.315910226055997
294,Cesar,2021,3,1,1295387.0,0.7719700753519991
295,Cesar,2021,5,4,1295387.0,3.0878803014079965
296,Cesar,2021,7,2,1295387.0,1.5439401507039983
321,Chocó,2021,4,1,544764.0,1.8356572754440457
356,Cundinamarca,2021,1,3,3242999.0,0.9250696654547227
357,Cundinamarca,2021,2,3,3242999.0,0.9250696654547227
358,Cundinamarca,2021,3,5,3242999.0,1.541782775757871
359,Cundinamarca,2021,4,1,3242999.0,0.30835655515157423
360,Cundinamarca,2021,5,2,3242999.0,0.6167131103031485
361,Cundinamarca,2021,6,10,3242999.0,3.083565551515742
362,Cundinamarca,2021,7,1,3242999.0,0.30835655515157423
396,Córdoba,2021,1,16,1828947.0,8.748203201076905
397,Córdoba,2021,2,7,1828947.0,3.8273389004711458
398,Córdoba,2021,3,10,1828947.0,5.4676270006730645
399,Córdoba,2021,4,13,1828947.0,7.107915100874984
400,Córdoba,2021,5,17,1828947.0,9.29496590114421
401,Córdoba,2021,6,14,1828947.0,7.6546778009422916
402,Córdoba,2021,7,30,1828947.0,16.402881002019193
427,Guajira,2021,1,5,965718.0,5.177494879457565
428,Guajira,2021,2,1,965718.0,1.0354989758915127
429,Guajira,2021,3,2,965718.0,2.0709979517830255
430,Guajira,2021,5,1,965718.0,1.0354989758915127
431,Guajira,2021,6,2,965718.0,2.0709979517830255
432,Guajira,2021,7,1,965718.0,1.0354989758915127
461,Huila,2021,1,1,1122622.0,0.890771782487783
462,Huila,2021,2,2,1122622.0,1.781543564975566
463,Huila,2021,4,1,1122622.0,0.890771782487783
464,Huila,2021,5,1,1122622.0,0.890771782487783
465,Huila,2021,7,5,1122622.0,4.453858912438915
510,Meta,2021,1,1,1063454.0,0.9403321629332345
511,Meta,2021,2,3,1063454.0,2.8209964887997034
512,Meta,2021,3,4,1063454.0,3.761328651732938
513,Meta,2021,4,3,1063454.0,2.8209964887997034
514,Meta,2021,5,2,1063454.0,1.880664325866469
515,Meta,2021,6,3,1063454.0,2.8209964887997034
516,Meta,2021,7,6,1063454.0,5.641992977599407
545,Nariño,2021,1,15,1627589.0,9.216085879174656
546,Nariño,2021,2,18,1627589.0,11.059303055009588
547,Nariño,2021,3,16,1627589.0,9.830491604452968
548,Nariño,2021,4,24,1627589.0,14.745737406679451
549,Nariño,2021,5,17,1627589.0,10.444897329731278
550,Nariño,2021,6,17,1627589.0,10.444897329731278
551,Nariño,2021,7,18,1627589.0,11.059303055009588
581,Norte de Santander,2021,1,5,1620318.0,3.085814019223387
582,Norte de Santander,2021,2,3,1620318.0,1.8514884115340322
583,Norte de Santander,2021,3,4,1620318.0,2.4686512153787095
584,Norte de Santander,2021,4,5,1620318.0,3.085814019223387
585,Norte de Santander,2021,5,6,1620318.0,3.7029768230680644
586,Norte de Santander,2021,6,1,1620318.0,0.6171628038446774
587,Norte de Santander,2021,7,9,1620318.0,5.554465234602096
615,Ocaña,2021,1,5,,
616,Ocaña,2021,2,1,,
617,Ocaña,2021,3,4,,
618,Ocaña,2021,4,5,,
619,Ocaña,2021,5,3,,
620,Ocaña,2021,6,5,,
621,Ocaña,2021,7,4,,
643,Planta Central,2021,1,55,,
644,Planta Central,2021,2,46,,
645,Planta Central,2021,3,61,,
646,Planta Central,2021,4,56,,
647,Planta Central,2021,5,64,,
648,Planta Central,2021,6,63,,
649,Planta Central,2021,7,83,,
680,Putumayo,2021,1,4,359127.0,11.138121054668682
681,Putumayo,2021,2,3,359127.0,8.353590791001512
682,Putumayo,2021,3,2,359127.0,5.569060527334341
683,Putumayo,2021,4,3,359127.0,8.353590791001512
684,Putumayo,2021,5,4,359127.0,11.138121054668682
685,Putumayo,2021,6,2,359127.0,5.569060527334341
686,Putumayo,2021,7,3,359127.0,8.353590791001512
715,Quindío,2021,1,5,555401.0,9.002504496750996
716,Quindío,2021,2,2,555401.0,3.6010017987003984
717,Quindío,2021,3,2,555401.0,3.6010017987003984
718,Quindío,2021,4,4,555401.0,7.202003597400797
719,Quindío,2021,5,3,555401.0,5.401502698050598
720,Quindío,2021,6,7,555401.0,12.603506295451394
721,Quindío,2021,7,3,555401.0,5.401502698050598
750,Risaralda,2021,1,5,961055.0,5.202615875262081
751,Risaralda,2021,2,5,961055.0,5.202615875262081
752,Risaralda,2021,3,5,961055.0,5.202615875262081
753,Risaralda,2021,4,10,961055.0,10.405231750524162
754,Risaralda,2021,5,4,961055.0,4.162092700209666
755,Risaralda,2021,6,11,961055.0,11.44575492557658
756,Risaralda,2021,7,12,961055.0,12.486278100628995
803,Santander,2021,1,1,2280908.0,0.4384218916326305
804,Santander,2021,2,1,2280908.0,0.4384218916326305
805,Santander,2021,7,2,2280908.0,0.876843783265261
870,Tolima,2021,1,6,1339998.0,4.477618623311378
871,Tolima,2021,2,6,1339998.0,4.477618623311378
872,Tolima,2021,3,8,1339998.0,5.970158164415171
873,Tolima,2021,4,10,1339998.0,7.462697705518964
874,Tolima,2021,5,5,1339998.0,3.731348852759482
875,Tolima,2021,6,8,1339998.0,5.970158164415171
876,Tolima,2021,7,8,1339998.0,5.970158164415171
912,Valle del Cauca,2021,1,12,4532152.0,2.6477487957155894
913,Valle del Cauca,2021,2,12,4532152.0,2.6477487957155894
914,Valle del Cauca,2021,3,13,4532152.0,2.868394528691889
915,Valle del Cauca,2021,4,13,4532152.0,2.868394528691889
916,Valle del Cauca,2021,5,10,4532152.0,2.2064573297629915
917,Valle del Cauca,2021,6,11,4532152.0,2.4271030627392904
918,Valle del Cauca,2021,7,14,4532152.0,3.089040261668188
