,Year,Ciudad,Hora,Accidentes,Habitantes,AccidentesNormalizado
0,2012,Bucaramanga,0.0,38,608947,62.40280352805745
1,2012,Bucaramanga,1.0,61,608947,100.17292145293433
2,2012,Bucaramanga,2.0,63,608947,103.4572795333584
3,2012,Bucaramanga,3.0,47,608947,77.18241488996578
4,2012,Bucaramanga,4.0,41,608947,67.32934064869357
5,2012,Bucaramanga,5.0,41,608947,67.32934064869357
6,2012,Bucaramanga,6.0,145,608947,238.11596083074554
7,2012,Bucaramanga,7.0,186,608947,305.44530147943914
8,2012,Bucaramanga,8.0,220,608947,361.2793888466484
9,2012,Bucaramanga,9.0,225,608947,369.4902840477086
10,2012,Bucaramanga,10.0,246,608947,403.9760438921614
11,2012,Bucaramanga,11.0,258,608947,423.68219237470583
12,2012,Bucaramanga,12.0,362,608947,594.4688125567578
13,2012,Bucaramanga,13.0,211,608947,346.49977748474004
14,2012,Bucaramanga,14.0,275,608947,451.5992360583105
15,2012,Bucaramanga,15.0,258,608947,423.68219237470583
16,2012,Bucaramanga,16.0,289,608947,474.589742621279
17,2012,Bucaramanga,17.0,273,608947,448.3148779778864
18,2012,Bucaramanga,18.0,265,608947,435.1774456561901
19,2012,Bucaramanga,19.0,297,608947,487.72717494297535
20,2012,Bucaramanga,20.0,208,608947,341.573240364104
21,2012,Bucaramanga,21.0,143,608947,234.83160275032145
22,2012,Bucaramanga,22.0,119,608947,195.41930578523252
23,2012,Bucaramanga,23.0,72,608947,118.23689089526675
24,2013,Bucaramanga,0.0,26,608947,42.696655045513
25,2013,Bucaramanga,1.0,43,608947,70.61369872911764
26,2013,Bucaramanga,2.0,35,608947,57.476266407421335
27,2013,Bucaramanga,3.0,25,608947,41.054476005300955
28,2013,Bucaramanga,4.0,30,608947,49.265371206361145
29,2013,Bucaramanga,5.0,38,608947,62.40280352805745
30,2013,Bucaramanga,6.0,115,608947,188.85058962438438
31,2013,Bucaramanga,7.0,180,608947,295.59222723816686
32,2013,Bucaramanga,8.0,233,608947,382.6277163694049
33,2013,Bucaramanga,9.0,220,608947,361.2793888466484
34,2013,Bucaramanga,10.0,211,608947,346.49977748474004
35,2013,Bucaramanga,11.0,233,608947,382.6277163694049
36,2013,Bucaramanga,12.0,357,608947,586.2579173556977
37,2013,Bucaramanga,13.0,264,608947,433.53526661597806
38,2013,Bucaramanga,14.0,267,608947,438.4618037366142
39,2013,Bucaramanga,15.0,262,608947,430.250908535554
40,2013,Bucaramanga,16.0,257,608947,422.04001333449384
41,2013,Bucaramanga,17.0,247,608947,405.6182229323734
42,2013,Bucaramanga,18.0,258,608947,423.68219237470583
43,2013,Bucaramanga,19.0,254,608947,417.11347621385767
44,2013,Bucaramanga,20.0,183,608947,300.51876435880297
45,2013,Bucaramanga,21.0,133,608947,218.4098123482011
46,2013,Bucaramanga,22.0,117,608947,192.13494770480847
47,2013,Bucaramanga,23.0,66,608947,108.38381665399451
48,2014,Bucaramanga,0.0,19,608947,31.201401764028724
49,2014,Bucaramanga,1.0,34,608947,55.8340873672093
50,2014,Bucaramanga,2.0,26,608947,42.696655045513
51,2014,Bucaramanga,3.0,33,608947,54.19190832699726
52,2014,Bucaramanga,4.0,22,608947,36.12793888466484
53,2014,Bucaramanga,5.0,45,608947,73.89805680954171
54,2014,Bucaramanga,6.0,117,608947,192.13494770480847
55,2014,Bucaramanga,7.0,194,608947,318.5827338011354
56,2014,Bucaramanga,8.0,206,608947,338.28888228367987
57,2014,Bucaramanga,9.0,184,608947,302.160943399015
58,2014,Bucaramanga,10.0,198,608947,325.15144996198353
59,2014,Bucaramanga,11.0,215,608947,353.0684936455882
60,2014,Bucaramanga,12.0,316,608947,518.928576707004
61,2014,Bucaramanga,13.0,220,608947,361.2793888466484
62,2014,Bucaramanga,14.0,247,608947,405.6182229323734
63,2014,Bucaramanga,15.0,245,608947,402.33386485194933
64,2014,Bucaramanga,16.0,255,608947,418.7556552540697
65,2014,Bucaramanga,17.0,220,608947,361.2793888466484
66,2014,Bucaramanga,18.0,237,608947,389.19643253025305
67,2014,Bucaramanga,19.0,267,608947,438.4618037366142
68,2014,Bucaramanga,20.0,146,608947,239.7581398709576
69,2014,Bucaramanga,21.0,125,608947,205.27238002650478
70,2014,Bucaramanga,22.0,101,608947,165.86008306141585
71,2014,Bucaramanga,23.0,52,608947,85.393310091026
72,2014,Medellin,0.0,310,2570327,120.60722234952983
73,2014,Medellin,1.0,212,2570327,82.47977786483978
74,2014,Medellin,2.0,142,2570327,55.245888947203994
75,2014,Medellin,3.0,124,2570327,48.24288893981194
76,2014,Medellin,4.0,174,2570327,67.69566673812321
77,2014,Medellin,5.0,552,2570327,214.75866689335638
78,2014,Medellin,6.0,1126,2570327,438.0765560179697
79,2014,Medellin,7.0,1372,2570327,533.7842227856612
80,2014,Medellin,8.0,1114,2570327,433.407889346375
81,2014,Medellin,9.0,956,2570327,371.9371115037114
82,2014,Medellin,10.0,1056,2570327,410.8426671003339
83,2014,Medellin,11.0,1170,2570327,455.19500048048366
84,2014,Medellin,12.0,1270,2570327,494.10055607710615
85,2014,Medellin,13.0,1420,2570327,552.4588894720399
86,2014,Medellin,14.0,1350,2570327,525.2250005544042
87,2014,Medellin,15.0,1437,2570327,559.0728339234657
88,2014,Medellin,16.0,1475,2570327,573.8569450501823
89,2014,Medellin,17.0,1546,2570327,601.4798895237843
90,2014,Medellin,18.0,1447,2570327,562.963389483128
91,2014,Medellin,19.0,1257,2570327,489.0428338495453
92,2014,Medellin,20.0,1120,2570327,435.7422226821723
93,2014,Medellin,21.0,859,2570327,334.1987225749875
94,2014,Medellin,22.0,607,2570327,236.15672247149877
95,2014,Medellin,23.0,319,2570327,124.10872235322587
96,2015,Bucaramanga,0.0,29,608947,47.6231921661491
97,2015,Bucaramanga,1.0,29,608947,47.6231921661491
98,2015,Bucaramanga,2.0,31,608947,50.90755024657319
99,2015,Bucaramanga,3.0,27,608947,44.33883408572503
100,2015,Bucaramanga,4.0,16,608947,26.27486464339261
101,2015,Bucaramanga,5.0,35,608947,57.476266407421335
102,2015,Bucaramanga,6.0,131,608947,215.125454267777
103,2015,Bucaramanga,7.0,199,608947,326.7936290021956
104,2015,Bucaramanga,8.0,188,608947,308.72965955986314
105,2015,Bucaramanga,9.0,177,608947,290.66569011753074
106,2015,Bucaramanga,10.0,222,608947,364.5637469270725
107,2015,Bucaramanga,11.0,233,608947,382.6277163694049
108,2015,Bucaramanga,12.0,329,608947,540.2769042297605
109,2015,Bucaramanga,13.0,218,608947,357.9950307662243
110,2015,Bucaramanga,14.0,268,608947,440.10398277682623
111,2015,Bucaramanga,15.0,214,608947,351.42631460537615
112,2015,Bucaramanga,16.0,239,608947,392.48079061067716
113,2015,Bucaramanga,17.0,238,608947,390.83861157046505
114,2015,Bucaramanga,18.0,227,608947,372.77464212813265
115,2015,Bucaramanga,19.0,232,608947,380.9855373291928
116,2015,Bucaramanga,20.0,180,608947,295.59222723816686
117,2015,Bucaramanga,21.0,125,608947,205.27238002650478
118,2015,Bucaramanga,22.0,118,608947,193.7771267450205
119,2015,Bucaramanga,23.0,60,608947,98.53074241272229
120,2015,Medellin,0.0,202,2570327,78.58922230517751
121,2015,Medellin,1.0,2068,2570327,804.5668897381539
122,2015,Medellin,2.0,2051,2570327,797.9529452867281
123,2015,Medellin,3.0,2085,2570327,811.1808341895799
124,2015,Medellin,4.0,2089,2570327,812.7370564134446
125,2015,Medellin,5.0,3119,2570327,1213.4642790586568
126,2015,Medellin,6.0,4212,2570327,1638.7020017297411
127,2015,Medellin,7.0,4298,2570327,1672.1607795428363
128,2015,Medellin,8.0,3393,2570327,1320.0655013934024
129,2015,Medellin,9.0,3076,2570327,1196.734890152109
130,2015,Medellin,10.0,3012,2570327,1171.8353345702706
131,2015,Medellin,11.0,2820,2570327,1097.1366678247555
132,2015,Medellin,12.0,3326,2570327,1293.9987791436654
133,2015,Medellin,13.0,1165,2570327,453.2497227006525
134,2015,Medellin,14.0,1118,2570327,434.9641115702399
135,2015,Medellin,15.0,1177,2570327,457.9183893722472
136,2015,Medellin,16.0,1265,2570327,492.15527829727506
137,2015,Medellin,17.0,1435,2570327,558.2947228115333
138,2015,Medellin,18.0,1168,2570327,454.41688936855115
139,2015,Medellin,19.0,951,2570327,369.99183372388023
140,2015,Medellin,20.0,812,2570327,315.91311144457495
141,2015,Medellin,21.0,652,2570327,253.66422248997887
142,2015,Medellin,22.0,452,2570327,175.85311129673383
143,2015,Medellin,23.0,226,2570327,87.92655564836691
144,2015,Barranquilla,0.0,56,1311856,42.68761205498164
145,2015,Barranquilla,1.0,51,1311856,38.87621812150114
146,2015,Barranquilla,2.0,32,1311856,24.392921174275227
147,2015,Barranquilla,3.0,39,1311856,29.72887268114793
148,2015,Barranquilla,4.0,58,1311856,44.21216962837384
149,2015,Barranquilla,5.0,63,1311856,48.02356356185435
150,2015,Barranquilla,6.0,160,1311856,121.96460587137612
151,2015,Barranquilla,7.0,388,1311856,295.7641692380871
152,2015,Barranquilla,8.0,383,1311856,291.9527753046066
153,2015,Barranquilla,9.0,356,1311856,271.37124806381183
154,2015,Barranquilla,10.0,395,1311856,301.10012074495984
155,2015,Barranquilla,11.0,383,1311856,291.9527753046066
156,2015,Barranquilla,12.0,450,1311856,343.02545401324534
157,2015,Barranquilla,13.0,423,1311856,322.4439267724506
158,2015,Barranquilla,14.0,371,1311856,282.8054298642534
159,2015,Barranquilla,15.0,447,1311856,340.73861765315706
160,2015,Barranquilla,16.0,447,1311856,340.73861765315706
161,2015,Barranquilla,17.0,441,1311856,336.16494493298046
162,2015,Barranquilla,18.0,384,1311856,292.7150540913027
163,2015,Barranquilla,19.0,305,1311856,232.49502994231074
164,2015,Barranquilla,20.0,220,1311856,167.70133307314217
165,2015,Barranquilla,21.0,179,1311856,136.44790281860205
166,2015,Barranquilla,22.0,123,1311856,93.7602907636204
167,2015,Barranquilla,23.0,83,1311856,63.26913929577636
168,2016,Bucaramanga,0.0,28,608947,45.98101312593707
169,2016,Bucaramanga,1.0,34,608947,55.8340873672093
170,2016,Bucaramanga,2.0,40,608947,65.68716160848153
171,2016,Bucaramanga,3.0,34,608947,55.8340873672093
172,2016,Bucaramanga,4.0,27,608947,44.33883408572503
173,2016,Bucaramanga,5.0,42,608947,68.9715196889056
174,2016,Bucaramanga,6.0,128,608947,210.1989171471409
175,2016,Bucaramanga,7.0,194,608947,318.5827338011354
176,2016,Bucaramanga,8.0,198,608947,325.15144996198353
177,2016,Bucaramanga,9.0,190,608947,312.01401764028725
178,2016,Bucaramanga,10.0,199,608947,326.7936290021956
179,2016,Bucaramanga,11.0,239,608947,392.48079061067716
180,2016,Bucaramanga,12.0,335,608947,550.1299784710328
181,2016,Bucaramanga,13.0,213,608947,349.78413556516415
182,2016,Bucaramanga,14.0,269,608947,441.7461618170382
183,2016,Bucaramanga,15.0,232,608947,380.9855373291928
184,2016,Bucaramanga,16.0,224,608947,367.84810500749654
185,2016,Bucaramanga,17.0,223,608947,366.2059259672845
186,2016,Bucaramanga,18.0,226,608947,371.13246308792066
187,2016,Bucaramanga,19.0,203,608947,333.36234516304376
188,2016,Bucaramanga,20.0,142,608947,233.18942371010942
189,2016,Bucaramanga,21.0,138,608947,226.62070754926125
190,2016,Bucaramanga,22.0,114,608947,187.20841058417236
191,2016,Bucaramanga,23.0,61,608947,100.17292145293433
192,2016,Medellin,0.0,533,2570327,207.36661132999808
193,2016,Medellin,1.0,361,2570327,140.44905570380732
194,2016,Medellin,2.0,293,2570327,113.99327789810401
195,2016,Medellin,3.0,246,2570327,95.70766676769144
196,2016,Medellin,4.0,422,2570327,164.18144461774708
197,2016,Medellin,5.0,1128,2570327,438.8546671299021
198,2016,Medellin,6.0,2584,2570327,1005.3195566167262
199,2016,Medellin,7.0,2912,2570327,1132.9297789736481
200,2016,Medellin,8.0,2193,2570327,853.1988342339322
201,2016,Medellin,9.0,2081,2570327,809.6246119657148
202,2016,Medellin,10.0,2266,2570327,881.5998898194665
203,2016,Medellin,11.0,2515,2570327,978.4747232550566
204,2016,Medellin,12.0,2865,2570327,1114.6441678432354
205,2016,Medellin,13.0,2912,2570327,1132.9297789736481
206,2016,Medellin,14.0,2923,2570327,1137.2093900892767
207,2016,Medellin,15.0,2881,2570327,1120.8690567386952
208,2016,Medellin,16.0,3029,2570327,1178.4492790216964
209,2016,Medellin,17.0,3477,2570327,1352.7461680945653
210,2016,Medellin,18.0,2918,2570327,1135.2641123094454
211,2016,Medellin,19.0,2636,2570327,1025.55044552697
212,2016,Medellin,20.0,2151,2570327,836.8585008833506
213,2016,Medellin,21.0,1762,2570327,685.515889612489
214,2016,Medellin,22.0,1261,2570327,490.5990560734101
215,2016,Medellin,23.0,752,2570327,292.56977808660145
216,2016,Barranquilla,0.0,71,1311856,54.12179385542316
217,2016,Barranquilla,1.0,45,1311856,34.30254540132454
218,2016,Barranquilla,2.0,37,1311856,28.20431510775573
219,2016,Barranquilla,3.0,49,1311856,37.35166054810894
220,2016,Barranquilla,4.0,43,1311856,32.777987827932336
221,2016,Barranquilla,5.0,53,1311856,40.40077569489334
222,2016,Barranquilla,6.0,188,1311856,143.30841189886695
223,2016,Barranquilla,7.0,425,1311856,323.96848434584285
224,2016,Barranquilla,8.0,378,1311856,288.1413813711261
225,2016,Barranquilla,9.0,356,1311856,271.37124806381183
226,2016,Barranquilla,10.0,368,1311856,280.5185935041651
227,2016,Barranquilla,11.0,406,1311856,309.4851873986169
228,2016,Barranquilla,12.0,500,1311856,381.13939334805036
229,2016,Barranquilla,13.0,397,1311856,302.624678318352
230,2016,Barranquilla,14.0,421,1311856,320.91936919905845
231,2016,Barranquilla,15.0,454,1311856,346.07456916002974
232,2016,Barranquilla,16.0,480,1311856,365.89381761412835
233,2016,Barranquilla,17.0,454,1311856,346.07456916002974
234,2016,Barranquilla,18.0,378,1311856,288.1413813711261
235,2016,Barranquilla,19.0,392,1311856,298.8132843848715
236,2016,Barranquilla,20.0,231,1311856,176.0863997267993
237,2016,Barranquilla,21.0,172,1311856,131.11195131172934
238,2016,Barranquilla,22.0,132,1311856,100.62079984388531
239,2016,Barranquilla,23.0,90,1311856,68.60509080264907
240,2016,Envigado,0.0,74,241863,305.9583317828688
241,2016,Envigado,1.0,71,241863,293.55461562950927
242,2016,Envigado,2.0,48,241863,198.45945845375275
243,2016,Envigado,3.0,53,241863,219.13231870935198
244,2016,Envigado,4.0,61,241863,252.20889511831078
245,2016,Envigado,5.0,201,241863,831.0489822750897
246,2016,Envigado,6.0,727,241863,3005.83388116413
247,2016,Envigado,7.0,830,241863,3431.6948024294747
248,2016,Envigado,8.0,566,241863,2340.1677809338344
249,2016,Envigado,9.0,644,241863,2662.6644009211823
250,2016,Envigado,10.0,637,241863,2633.7223965633434
251,2016,Envigado,11.0,702,241863,2902.469579886134
252,2016,Envigado,12.0,780,241863,3224.966199873482
253,2016,Envigado,13.0,782,241863,3233.2353439757217
254,2016,Envigado,14.0,970,241863,4010.534889586253
255,2016,Envigado,15.0,941,241863,3890.632300103778
256,2016,Envigado,16.0,985,241863,4072.553470353051
257,2016,Envigado,17.0,904,241863,3737.6531342123435
258,2016,Envigado,18.0,745,241863,3080.2561780842875
259,2016,Envigado,19.0,571,241863,2360.8406411894334
260,2016,Envigado,20.0,453,241863,1872.9611391572917
261,2016,Envigado,21.0,400,241863,1653.8288204479395
262,2016,Envigado,22.0,248,241863,1025.3738686777224
263,2016,Envigado,23.0,153,241863,632.5895238213369
264,2017,Bucaramanga,0.0,22,608947,36.12793888466484
265,2017,Bucaramanga,1.0,29,608947,47.6231921661491
266,2017,Bucaramanga,2.0,32,608947,52.54972928678522
267,2017,Bucaramanga,3.0,35,608947,57.476266407421335
268,2017,Bucaramanga,4.0,30,608947,49.265371206361145
269,2017,Bucaramanga,5.0,41,608947,67.32934064869357
270,2017,Bucaramanga,6.0,112,608947,183.92405250374827
271,2017,Bucaramanga,7.0,186,608947,305.44530147943914
272,2017,Bucaramanga,8.0,218,608947,357.9950307662243
273,2017,Bucaramanga,9.0,192,608947,315.2983757207113
274,2017,Bucaramanga,10.0,229,608947,376.0590002085567
275,2017,Bucaramanga,11.0,239,608947,392.48079061067716
276,2017,Bucaramanga,12.0,316,608947,518.928576707004
277,2017,Bucaramanga,13.0,229,608947,376.0590002085567
278,2017,Bucaramanga,14.0,207,608947,339.93106132389187
279,2017,Bucaramanga,15.0,258,608947,423.68219237470583
280,2017,Bucaramanga,16.0,239,608947,392.48079061067716
281,2017,Bucaramanga,17.0,243,608947,399.0495067715253
282,2017,Bucaramanga,18.0,223,608947,366.2059259672845
283,2017,Bucaramanga,19.0,244,608947,400.69168581173733
284,2017,Bucaramanga,20.0,165,608947,270.9595416349863
285,2017,Bucaramanga,21.0,144,608947,236.4737817905335
286,2017,Bucaramanga,22.0,123,608947,201.9880219460807
287,2017,Bucaramanga,23.0,51,608947,83.75113105081395
288,2017,Medellin,0.0,542,2570327,210.86811133369412
289,2017,Medellin,1.0,341,2570327,132.66794458448283
290,2017,Medellin,2.0,292,2570327,113.60422234213779
291,2017,Medellin,3.0,225,2570327,87.53750009240069
292,2017,Medellin,4.0,378,2570327,147.06300015523317
293,2017,Medellin,5.0,1130,2570327,439.6327782418346
294,2017,Medellin,6.0,2475,2570327,962.9125010164076
295,2017,Medellin,7.0,2697,2570327,1049.2828344409097
296,2017,Medellin,8.0,2205,2570327,857.8675009055268
297,2017,Medellin,9.0,2060,2570327,801.4544452904241
298,2017,Medellin,10.0,2222,2570327,864.4814453569527
299,2017,Medellin,11.0,2438,2570327,948.5174454456574
300,2017,Medellin,12.0,2790,2570327,1085.4650011457686
301,2017,Medellin,13.0,2850,2570327,1108.8083345037421
302,2017,Medellin,14.0,2841,2570327,1105.306834500046
303,2017,Medellin,15.0,2901,2570327,1128.6501678580198
304,2017,Medellin,16.0,3068,2570327,1193.6224457043793
305,2017,Medellin,17.0,3400,2570327,1322.788890285166
306,2017,Medellin,18.0,2977,2570327,1158.218390111453
307,2017,Medellin,19.0,2577,2570327,1002.5961677249625
308,2017,Medellin,20.0,2098,2570327,816.2385564171407
309,2017,Medellin,21.0,1740,2570327,676.956667381232
310,2017,Medellin,22.0,1245,2570327,484.3741671779505
311,2017,Medellin,23.0,709,2570327,275.84038918005376
312,2017,Barranquilla,0.0,56,1311856,42.68761205498164
313,2017,Barranquilla,1.0,43,1311856,32.777987827932336
314,2017,Barranquilla,2.0,42,1311856,32.01570904123623
315,2017,Barranquilla,3.0,36,1311856,27.44203632105963
316,2017,Barranquilla,4.0,45,1311856,34.30254540132454
317,2017,Barranquilla,5.0,52,1311856,39.63849690819724
318,2017,Barranquilla,6.0,169,1311856,128.82511495164104
319,2017,Barranquilla,7.0,392,1311856,298.8132843848715
320,2017,Barranquilla,8.0,435,1311856,331.59127221280386
321,2017,Barranquilla,9.0,365,1311856,278.2317571440768
322,2017,Barranquilla,10.0,374,1311856,285.0922662243417
323,2017,Barranquilla,11.0,387,1311856,295.001890451391
324,2017,Barranquilla,12.0,438,1311856,333.87810857289213
325,2017,Barranquilla,13.0,414,1311856,315.5834176921857
326,2017,Barranquilla,14.0,426,1311856,324.7307631325389
327,2017,Barranquilla,15.0,441,1311856,336.16494493298046
328,2017,Barranquilla,16.0,451,1311856,343.78773279994147
329,2017,Barranquilla,17.0,441,1311856,336.16494493298046
330,2017,Barranquilla,18.0,393,1311856,299.5755631715676
331,2017,Barranquilla,19.0,348,1311856,265.2730177702431
332,2017,Barranquilla,20.0,235,1311856,179.13551487358367
333,2017,Barranquilla,21.0,178,1311856,135.68562403190592
334,2017,Barranquilla,22.0,119,1311856,90.71117561683599
335,2017,Barranquilla,23.0,109,1311856,83.08838774987498
336,2017,Envigado,0.0,147,241863,607.7820915146178
337,2017,Envigado,1.0,34,241863,140.57544973807487
338,2017,Envigado,2.0,25,241863,103.36430127799622
339,2017,Envigado,3.0,16,241863,66.15315281791759
340,2017,Envigado,4.0,27,241863,111.63344538023591
341,2017,Envigado,5.0,75,241863,310.09290383398866
342,2017,Envigado,6.0,282,241863,1165.9493184157973
343,2017,Envigado,7.0,296,241863,1223.8333271314752
344,2017,Envigado,8.0,223,241863,922.0095673997263
345,2017,Envigado,9.0,256,241863,1058.4504450866814
346,2017,Envigado,10.0,263,241863,1087.3924494445203
347,2017,Envigado,11.0,255,241863,1054.3158730355615
348,2017,Envigado,12.0,210,241863,868.2601307351683
349,2017,Envigado,13.0,324,241863,1339.6013445628312
350,2017,Envigado,14.0,352,241863,1455.3693619941869
351,2017,Envigado,15.0,376,241863,1554.5990912210632
352,2017,Envigado,16.0,357,241863,1476.042222249786
353,2017,Envigado,17.0,375,241863,1550.4645191699433
354,2017,Envigado,18.0,207,241863,855.8564145818086
355,2017,Envigado,19.0,235,241863,971.6244320131644
356,2017,Envigado,20.0,202,241863,835.1835543262094
357,2017,Envigado,21.0,161,241863,665.6661002302956
358,2017,Envigado,22.0,132,241863,545.76351074782
359,2017,Envigado,23.0,54,241863,223.26689076047182
360,2018,Bucaramanga,0.0,23,608947,37.77011792487688
361,2018,Bucaramanga,1.0,29,608947,47.6231921661491
362,2018,Bucaramanga,2.0,37,608947,60.76062448784541
363,2018,Bucaramanga,3.0,37,608947,60.76062448784541
364,2018,Bucaramanga,4.0,41,608947,67.32934064869357
365,2018,Bucaramanga,5.0,47,608947,77.18241488996578
366,2018,Bucaramanga,6.0,132,608947,216.76763330798903
367,2018,Bucaramanga,7.0,190,608947,312.01401764028725
368,2018,Bucaramanga,8.0,219,608947,359.6372098064364
369,2018,Bucaramanga,9.0,212,608947,348.1419565249521
370,2018,Bucaramanga,10.0,201,608947,330.07798708261964
371,2018,Bucaramanga,11.0,216,608947,354.71067268580026
372,2018,Bucaramanga,12.0,296,608947,486.0849959027633
373,2018,Bucaramanga,13.0,214,608947,351.42631460537615
374,2018,Bucaramanga,14.0,227,608947,372.77464212813265
375,2018,Bucaramanga,15.0,267,608947,438.4618037366142
376,2018,Bucaramanga,16.0,251,608947,412.18693909322155
377,2018,Bucaramanga,17.0,256,608947,420.3978342942818
378,2018,Bucaramanga,18.0,257,608947,422.04001333449384
379,2018,Bucaramanga,19.0,239,608947,392.48079061067716
380,2018,Bucaramanga,20.0,167,608947,274.2438997154104
381,2018,Bucaramanga,21.0,157,608947,257.82210931328996
382,2018,Bucaramanga,22.0,122,608947,200.34584290586866
383,2018,Bucaramanga,23.0,73,608947,119.8790699354788
384,2018,Medellin,0.0,482,2570327,187.5247779757206
385,2018,Medellin,1.0,330,2570327,128.38833346885434
386,2018,Medellin,2.0,271,2570327,105.43405566684706
387,2018,Medellin,3.0,240,2570327,93.37333343189408
388,2018,Medellin,4.0,380,2570327,147.84111126716562
389,2018,Medellin,5.0,1037,2570327,403.45061153697566
390,2018,Medellin,6.0,2253,2570327,876.5421675919057
391,2018,Medellin,7.0,2426,2570327,943.8487787740626
392,2018,Medellin,8.0,2007,2570327,780.8345008242143
393,2018,Medellin,9.0,1997,2570327,776.943945264552
394,2018,Medellin,10.0,2146,2570327,834.9132231035195
395,2018,Medellin,11.0,2306,2570327,897.1621120581156
396,2018,Medellin,12.0,2569,2570327,999.4837232772328
397,2018,Medellin,13.0,2666,2570327,1037.2221122059568
398,2018,Medellin,14.0,2642,2570327,1027.8847788627672
399,2018,Medellin,15.0,2751,2570327,1070.2918344630857
400,2018,Medellin,16.0,2914,2570327,1133.7078900855806
401,2018,Medellin,17.0,3328,2570327,1294.776890255598
402,2018,Medellin,18.0,2747,2570327,1068.735612239221
403,2018,Medellin,19.0,2343,2570327,911.5571676288658
404,2018,Medellin,20.0,2026,2570327,788.2265563875725
405,2018,Medellin,21.0,1646,2570327,640.3854451204069
406,2018,Medellin,22.0,1169,2570327,454.8059449245174
407,2018,Medellin,23.0,682,2570327,265.33588916896565
408,2018,Barranquilla,0.0,46,1311856,35.06482418802064
409,2018,Barranquilla,1.0,53,1311856,40.40077569489334
410,2018,Barranquilla,2.0,33,1311856,25.155199960971327
411,2018,Barranquilla,3.0,33,1311856,25.155199960971327
412,2018,Barranquilla,4.0,45,1311856,34.30254540132454
413,2018,Barranquilla,5.0,69,1311856,52.597236282030956
414,2018,Barranquilla,6.0,171,1311856,130.34967252503324
415,2018,Barranquilla,7.0,371,1311856,282.8054298642534
416,2018,Barranquilla,8.0,386,1311856,294.2396116646949
417,2018,Barranquilla,9.0,308,1311856,234.78186630239907
418,2018,Barranquilla,10.0,371,1311856,282.8054298642534
419,2018,Barranquilla,11.0,326,1311856,248.50288446292885
420,2018,Barranquilla,12.0,451,1311856,343.78773279994147
421,2018,Barranquilla,13.0,382,1311856,291.1904965179105
422,2018,Barranquilla,14.0,387,1311856,295.001890451391
423,2018,Barranquilla,15.0,399,1311856,304.14923589174424
424,2018,Barranquilla,16.0,387,1311856,295.001890451391
425,2018,Barranquilla,17.0,390,1311856,297.2887268114793
426,2018,Barranquilla,18.0,369,1311856,281.28087229086117
427,2018,Barranquilla,19.0,283,1311856,215.72489663499653
428,2018,Barranquilla,20.0,273,1311856,208.1021087680355
429,2018,Barranquilla,21.0,150,1311856,114.34181800441512
430,2018,Barranquilla,22.0,120,1311856,91.47345440353209
431,2018,Barranquilla,23.0,95,1311856,72.41648473612958
432,2018,Envigado,0.0,193,241863,797.9724058661309
433,2018,Envigado,1.0,4,241863,16.538288204479397
434,2018,Envigado,2.0,8,241863,33.07657640895879
435,2018,Envigado,3.0,4,241863,16.538288204479397
436,2018,Envigado,4.0,10,241863,41.345720511198486
437,2018,Envigado,5.0,36,241863,148.84459384031456
438,2018,Envigado,6.0,96,241863,396.9189169075055
439,2018,Envigado,7.0,133,241863,549.8980827989399
440,2018,Envigado,8.0,90,241863,372.1114846007864
441,2018,Envigado,9.0,122,241863,504.41779023662156
442,2018,Envigado,10.0,101,241863,417.5917771631047
443,2018,Envigado,11.0,118,241863,487.87950203214217
444,2018,Envigado,13.0,185,241863,764.895829457172
445,2018,Envigado,14.0,135,241863,558.1672269011797
446,2018,Envigado,15.0,170,241863,702.8772486903742
447,2018,Envigado,16.0,184,241863,760.7612574060522
448,2018,Envigado,17.0,172,241863,711.146392792614
449,2018,Envigado,18.0,108,241863,446.53378152094365
450,2018,Envigado,19.0,109,241863,450.66835357206355
451,2018,Envigado,20.0,76,241863,314.2274758851085
452,2018,Envigado,21.0,55,241863,227.4014628115917
453,2018,Envigado,22.0,52,241863,214.99774665823216
454,2018,Envigado,23.0,32,241863,132.30630563583517
455,2019,Bucaramanga,0.0,36,608947,59.11844544763338
456,2019,Bucaramanga,1.0,42,608947,68.9715196889056
457,2019,Bucaramanga,2.0,37,608947,60.76062448784541
458,2019,Bucaramanga,3.0,33,608947,54.19190832699726
459,2019,Bucaramanga,4.0,38,608947,62.40280352805745
460,2019,Bucaramanga,5.0,38,608947,62.40280352805745
461,2019,Bucaramanga,6.0,103,608947,169.14444114183993
462,2019,Bucaramanga,7.0,191,608947,313.6561966804993
463,2019,Bucaramanga,8.0,230,608947,377.70117924876877
464,2019,Bucaramanga,9.0,195,608947,320.2249128413475
465,2019,Bucaramanga,10.0,227,608947,372.77464212813265
466,2019,Bucaramanga,11.0,217,608947,356.3528517260123
467,2019,Bucaramanga,12.0,246,608947,403.9760438921614
468,2019,Bucaramanga,13.0,191,608947,313.6561966804993
469,2019,Bucaramanga,14.0,257,608947,422.04001333449384
470,2019,Bucaramanga,15.0,246,608947,403.9760438921614
471,2019,Bucaramanga,16.0,222,608947,364.5637469270725
472,2019,Bucaramanga,17.0,198,608947,325.15144996198353
473,2019,Bucaramanga,18.0,240,608947,394.12296965088916
474,2019,Bucaramanga,19.0,241,608947,395.76514869110116
475,2019,Bucaramanga,20.0,172,608947,282.4547949164706
476,2019,Bucaramanga,21.0,129,608947,211.84109618735292
477,2019,Bucaramanga,22.0,126,608947,206.9145590667168
478,2019,Bucaramanga,23.0,69,608947,113.31035377463063
479,2019,Medellin,0.0,550,2570327,213.98055578142393
480,2019,Medellin,1.0,369,2570327,143.56150015153713
481,2019,Medellin,2.0,311,2570327,120.99627790549607
482,2019,Medellin,3.0,239,2570327,92.98427787592784
483,2019,Medellin,4.0,422,2570327,164.18144461774708
484,2019,Medellin,5.0,1185,2570327,461.03083381997703
485,2019,Medellin,6.0,2508,2570327,975.751334363293
486,2019,Medellin,7.0,2632,2570327,1023.9942233031051
487,2019,Medellin,8.0,2137,2570327,831.4117230998235
488,2019,Medellin,9.0,1999,2570327,777.7220563764845
489,2019,Medellin,10.0,2330,2570327,906.499445401305
490,2019,Medellin,11.0,2558,2570327,995.2041121616044
491,2019,Medellin,12.0,2728,2570327,1061.3435566758626
492,2019,Medellin,13.0,2828,2570327,1100.249112272485
493,2019,Medellin,14.0,2892,2570327,1125.1486678543235
494,2019,Medellin,15.0,2892,2570327,1125.1486678543235
495,2019,Medellin,16.0,3054,2570327,1188.1756679208522
496,2019,Medellin,17.0,3420,2570327,1330.5700014044905
497,2019,Medellin,18.0,2615,2570327,1017.3802788516792
498,2019,Medellin,19.0,2393,2570327,931.0099454271772
499,2019,Medellin,20.0,1969,2570327,766.0503896974977
500,2019,Medellin,21.0,1786,2570327,694.8532229556783
501,2019,Medellin,22.0,1207,2570327,469.59005605123394
502,2019,Medellin,23.0,771,2570327,299.9618336499597
503,2019,Barranquilla,0.0,57,1311856,43.44989084167774
504,2019,Barranquilla,1.0,31,1311856,23.630642387579122
505,2019,Barranquilla,2.0,26,1311856,19.81924845409862
506,2019,Barranquilla,3.0,36,1311856,27.44203632105963
507,2019,Barranquilla,4.0,23,1311856,17.53241209401032
508,2019,Barranquilla,5.0,64,1311856,48.78584234855045
509,2019,Barranquilla,6.0,191,1311856,145.59524825895525
510,2019,Barranquilla,7.0,362,1311856,275.9449207839885
511,2019,Barranquilla,8.0,363,1311856,276.70719957068457
512,2019,Barranquilla,9.0,328,1311856,250.02744203632108
513,2019,Barranquilla,10.0,342,1311856,260.6993450500665
514,2019,Barranquilla,11.0,333,1311856,253.83883596980158
515,2019,Barranquilla,12.0,421,1311856,320.91936919905845
516,2019,Barranquilla,13.0,379,1311856,288.9036601578222
517,2019,Barranquilla,14.0,329,1311856,250.78972082301718
518,2019,Barranquilla,15.0,362,1311856,275.9449207839885
519,2019,Barranquilla,16.0,360,1311856,274.4203632105963
520,2019,Barranquilla,17.0,376,1311856,286.6168237977339
521,2019,Barranquilla,18.0,337,1311856,256.88795111658595
522,2019,Barranquilla,19.0,331,1311856,252.31427839640935
523,2019,Barranquilla,20.0,207,1311856,157.79170884609286
524,2019,Barranquilla,21.0,163,1311856,124.25144223146442
525,2019,Barranquilla,22.0,136,1311856,103.66991499066971
526,2019,Barranquilla,23.0,88,1311856,67.08053322925687
527,2020,Bucaramanga,0.0,13,608947,21.3483275227565
528,2020,Bucaramanga,1.0,16,608947,26.27486464339261
529,2020,Bucaramanga,2.0,16,608947,26.27486464339261
530,2020,Bucaramanga,3.0,21,608947,34.4857598444528
531,2020,Bucaramanga,4.0,23,608947,37.77011792487688
532,2020,Bucaramanga,5.0,23,608947,37.77011792487688
533,2020,Bucaramanga,6.0,52,608947,85.393310091026
534,2020,Bucaramanga,7.0,89,608947,146.1539345788714
535,2020,Bucaramanga,8.0,110,608947,180.6396944233242
536,2020,Bucaramanga,9.0,102,608947,167.5022621016279
537,2020,Bucaramanga,10.0,116,608947,190.4927686645964
538,2020,Bucaramanga,11.0,125,608947,205.27238002650478
539,2020,Bucaramanga,12.0,156,608947,256.17993027307796
540,2020,Bucaramanga,13.0,137,608947,224.97852850904923
541,2020,Bucaramanga,14.0,141,608947,231.54724466989737
542,2020,Bucaramanga,15.0,140,608947,229.90506562968534
543,2020,Bucaramanga,16.0,131,608947,215.125454267777
544,2020,Bucaramanga,17.0,140,608947,229.90506562968534
545,2020,Bucaramanga,18.0,116,608947,190.4927686645964
546,2020,Bucaramanga,19.0,129,608947,211.84109618735292
547,2020,Bucaramanga,20.0,89,608947,146.1539345788714
548,2020,Bucaramanga,21.0,62,608947,101.81510049314637
549,2020,Bucaramanga,22.0,43,608947,70.61369872911764
550,2020,Bucaramanga,23.0,28,608947,45.98101312593707
551,2020,Medellin,0.0,203,2570327,78.97827786114374
552,2020,Medellin,1.0,158,2570327,61.4707778426636
553,2020,Medellin,2.0,117,2570327,45.519500048048364
554,2020,Medellin,3.0,106,2570327,41.23988893241989
555,2020,Medellin,4.0,244,2570327,94.92955565575897
556,2020,Medellin,5.0,602,2570327,234.21144469166765
557,2020,Medellin,6.0,945,2570327,367.65750038808295
558,2020,Medellin,7.0,1081,2570327,420.5690559994896
559,2020,Medellin,8.0,894,2570327,347.8156670338054
560,2020,Medellin,9.0,896,2570327,348.5937781457379
561,2020,Medellin,10.0,1001,2570327,389.4446115221915
562,2020,Medellin,11.0,1107,2570327,430.68450045461145
563,2020,Medellin,12.0,1241,2570327,482.8179449540856
564,2020,Medellin,13.0,1317,2570327,512.3861672075187
565,2020,Medellin,14.0,1234,2570327,480.09455606232206
566,2020,Medellin,15.0,1354,2570327,526.7812227782691
567,2020,Medellin,16.0,1368,2570327,532.2280005617962
568,2020,Medellin,17.0,1422,2570327,553.2370005839724
569,2020,Medellin,18.0,1142,2570327,444.3014449134293
570,2020,Medellin,19.0,947,2570327,368.43561150001534
571,2020,Medellin,20.0,859,2570327,334.1987225749875
572,2020,Medellin,21.0,675,2570327,262.6125002772021
573,2020,Medellin,22.0,502,2570327,195.3058890950451
574,2020,Medellin,23.0,302,2570327,117.49477790180005
575,2020,Barranquilla,0.0,27,1311856,20.581527240794724
576,2020,Barranquilla,1.0,22,1311856,16.770133307314218
577,2020,Barranquilla,2.0,21,1311856,16.007854520618114
578,2020,Barranquilla,3.0,8,1311856,6.098230293568807
579,2020,Barranquilla,4.0,23,1311856,17.53241209401032
580,2020,Barranquilla,5.0,39,1311856,29.72887268114793
581,2020,Barranquilla,6.0,109,1311856,83.08838774987498
582,2020,Barranquilla,7.0,200,1311856,152.45575733922016
583,2020,Barranquilla,8.0,210,1311856,160.07854520618116
584,2020,Barranquilla,9.0,201,1311856,153.21803612591626
585,2020,Barranquilla,10.0,187,1311856,142.54613311217085
586,2020,Barranquilla,11.0,206,1311856,157.0294300593968
587,2020,Barranquilla,12.0,263,1311856,200.4793209010745
588,2020,Barranquilla,13.0,222,1311856,169.22589064653437
589,2020,Barranquilla,14.0,227,1311856,173.03728458001487
590,2020,Barranquilla,15.0,233,1311856,177.61095730019147
591,2020,Barranquilla,16.0,226,1311856,172.2750057933188
592,2020,Barranquilla,17.0,208,1311856,158.55398763278896
593,2020,Barranquilla,18.0,203,1311856,154.74259369930846
594,2020,Barranquilla,19.0,147,1311856,112.05498164432682
595,2020,Barranquilla,20.0,122,1311856,92.9980119769243
596,2020,Barranquilla,21.0,97,1311856,73.94104230952178
597,2020,Barranquilla,22.0,49,1311856,37.35166054810894
598,2020,Barranquilla,23.0,31,1311856,23.630642387579122
599,2020,Palmira,0.0,23,284508,80.84131201934566
600,2020,Palmira,1.0,10,284508,35.1483965301503
601,2020,Palmira,2.0,10,284508,35.1483965301503
602,2020,Palmira,3.0,6,284508,21.089037918090177
603,2020,Palmira,4.0,17,284508,59.7522741012555
604,2020,Palmira,5.0,36,284508,126.53422750854106
605,2020,Palmira,6.0,82,284508,288.2168515472324
606,2020,Palmira,7.0,96,284508,337.42460668944284
607,2020,Palmira,8.0,107,284508,376.0878428726081
608,2020,Palmira,9.0,146,284508,513.1665893401943
609,2020,Palmira,10.0,141,284508,495.5923910751191
610,2020,Palmira,11.0,157,284508,551.8298255233597
611,2020,Palmira,12.0,166,284508,583.4633824004949
612,2020,Palmira,13.0,149,284508,523.7111082992394
613,2020,Palmira,14.0,146,284508,513.1665893401943
614,2020,Palmira,15.0,185,284508,650.2453358077805
615,2020,Palmira,16.0,164,284508,576.4337030944648
616,2020,Palmira,17.0,188,284508,660.7898547668256
617,2020,Palmira,18.0,159,284508,558.8595048293896
618,2020,Palmira,19.0,126,284508,442.8697962798937
619,2020,Palmira,20.0,104,284508,365.54332391356303
620,2020,Palmira,21.0,78,284508,274.1574929351723
621,2020,Palmira,22.0,50,284508,175.74198265075148
622,2020,Palmira,23.0,34,284508,119.504548202511
623,2021,Bucaramanga,0.0,25,608947,41.054476005300955
624,2021,Bucaramanga,1.0,28,608947,45.98101312593707
625,2021,Bucaramanga,2.0,27,608947,44.33883408572503
626,2021,Bucaramanga,3.0,21,608947,34.4857598444528
627,2021,Bucaramanga,4.0,15,608947,24.632685603180573
628,2021,Bucaramanga,5.0,33,608947,54.19190832699726
629,2021,Bucaramanga,6.0,56,608947,91.96202625187414
630,2021,Bucaramanga,7.0,127,608947,208.55673810692883
631,2021,Bucaramanga,8.0,175,608947,287.3813320371067
632,2021,Bucaramanga,9.0,150,608947,246.3268560318057
633,2021,Bucaramanga,10.0,142,608947,233.18942371010942
634,2021,Bucaramanga,11.0,184,608947,302.160943399015
635,2021,Bucaramanga,12.0,174,608947,285.73915299689463
636,2021,Bucaramanga,13.0,133,608947,218.4098123482011
637,2021,Bucaramanga,14.0,173,608947,284.09697395668263
638,2021,Bucaramanga,15.0,189,608947,310.3718386000752
639,2021,Bucaramanga,16.0,147,608947,241.40031891116962
640,2021,Bucaramanga,17.0,173,608947,284.09697395668263
641,2021,Bucaramanga,18.0,184,608947,302.160943399015
642,2021,Bucaramanga,19.0,163,608947,267.67518355456224
643,2021,Bucaramanga,20.0,108,608947,177.35533634290013
644,2021,Bucaramanga,21.0,110,608947,180.6396944233242
645,2021,Bucaramanga,22.0,82,608947,134.65868129738715
646,2021,Bucaramanga,23.0,66,608947,108.38381665399451
647,2021,Barranquilla,0.0,48,1311856,36.58938176141284
648,2021,Barranquilla,1.0,35,1311856,26.679757534363528
649,2021,Barranquilla,2.0,23,1311856,17.53241209401032
650,2021,Barranquilla,3.0,32,1311856,24.392921174275227
651,2021,Barranquilla,4.0,37,1311856,28.20431510775573
652,2021,Barranquilla,5.0,54,1311856,41.16305448158945
653,2021,Barranquilla,6.0,126,1311856,96.0471271237087
654,2021,Barranquilla,7.0,292,1311856,222.58540571526143
655,2021,Barranquilla,8.0,281,1311856,214.20033906160432
656,2021,Barranquilla,9.0,281,1311856,214.20033906160432
657,2021,Barranquilla,10.0,273,1311856,208.1021087680355
658,2021,Barranquilla,11.0,265,1311856,202.0038784744667
659,2021,Barranquilla,12.0,360,1311856,274.4203632105963
660,2021,Barranquilla,13.0,286,1311856,218.01173299508483
661,2021,Barranquilla,14.0,309,1311856,235.54414508909514
662,2021,Barranquilla,15.0,323,1311856,246.21604810284057
663,2021,Barranquilla,16.0,305,1311856,232.49502994231074
664,2021,Barranquilla,17.0,348,1311856,265.2730177702431
665,2021,Barranquilla,18.0,297,1311856,226.39679964874193
666,2021,Barranquilla,19.0,237,1311856,180.66007244697587
667,2021,Barranquilla,20.0,183,1311856,139.49701796538645
668,2021,Barranquilla,21.0,136,1311856,103.66991499066971
669,2021,Barranquilla,22.0,93,1311856,70.89192716273737
670,2021,Barranquilla,23.0,76,1311856,57.93318778890366
671,2022,Bucaramanga,0.0,6,608947,9.853074241272228
672,2022,Bucaramanga,1.0,10,608947,16.421790402120383
673,2022,Bucaramanga,2.0,8,608947,13.137432321696306
674,2022,Bucaramanga,3.0,10,608947,16.421790402120383
675,2022,Bucaramanga,4.0,7,608947,11.495253281484267
676,2022,Bucaramanga,5.0,11,608947,18.06396944233242
677,2022,Bucaramanga,6.0,35,608947,57.476266407421335
678,2022,Bucaramanga,7.0,46,608947,75.54023584975376
679,2022,Bucaramanga,8.0,42,608947,68.9715196889056
680,2022,Bucaramanga,9.0,34,608947,55.8340873672093
681,2022,Bucaramanga,10.0,41,608947,67.32934064869357
682,2022,Bucaramanga,11.0,49,608947,80.46677297038987
683,2022,Bucaramanga,12.0,66,608947,108.38381665399451
684,2022,Bucaramanga,13.0,42,608947,68.9715196889056
685,2022,Bucaramanga,14.0,54,608947,88.67766817145007
686,2022,Bucaramanga,15.0,64,608947,105.09945857357044
687,2022,Bucaramanga,16.0,56,608947,91.96202625187414
688,2022,Bucaramanga,17.0,52,608947,85.393310091026
689,2022,Bucaramanga,18.0,51,608947,83.75113105081395
690,2022,Bucaramanga,19.0,52,608947,85.393310091026
691,2022,Bucaramanga,20.0,28,608947,45.98101312593707
692,2022,Bucaramanga,21.0,32,608947,52.54972928678522
693,2022,Bucaramanga,22.0,31,608947,50.90755024657319
694,2022,Bucaramanga,23.0,15,608947,24.632685603180573
695,2022,Barranquilla,0.0,23,1311856,17.53241209401032
696,2022,Barranquilla,1.0,16,1311856,12.196460587137613
697,2022,Barranquilla,2.0,15,1311856,11.434181800441511
698,2022,Barranquilla,3.0,18,1311856,13.721018160529814
699,2022,Barranquilla,4.0,7,1311856,5.335951506872705
700,2022,Barranquilla,5.0,25,1311856,19.05696966740252
701,2022,Barranquilla,6.0,52,1311856,39.63849690819724
702,2022,Barranquilla,7.0,120,1311856,91.47345440353209
703,2022,Barranquilla,8.0,121,1311856,92.23573319022819
704,2022,Barranquilla,9.0,102,1311856,77.75243624300228
705,2022,Barranquilla,10.0,108,1311856,82.3261089631789
706,2022,Barranquilla,11.0,96,1311856,73.17876352282568
707,2022,Barranquilla,12.0,121,1311856,92.23573319022819
708,2022,Barranquilla,13.0,103,1311856,78.5147150296984
709,2022,Barranquilla,14.0,94,1311856,71.65420594943348
710,2022,Barranquilla,15.0,104,1311856,79.27699381639448
711,2022,Barranquilla,16.0,124,1311856,94.52256955031649
712,2022,Barranquilla,17.0,109,1311856,83.08838774987498
713,2022,Barranquilla,18.0,110,1311856,83.85066653657108
714,2022,Barranquilla,19.0,77,1311856,58.69546657559977
715,2022,Barranquilla,20.0,61,1311856,46.49900598846215
716,2022,Barranquilla,21.0,52,1311856,39.63849690819724
717,2022,Barranquilla,22.0,36,1311856,27.44203632105963
718,2022,Barranquilla,23.0,20,1311856,15.245575733922015
